,bBoxX,bBoxW,bBoxY,categoryId,bBoxH,categoryName,fileName
0,0,4000,0,20813,2252,검멀레동굴,검멀레동굴 _117_42469410.jpg
1,0,4000,0,20813,2252,검멀레동굴,검멀레동굴 _128_42469421.jpg
2,0,4000,0,20813,2252,검멀레동굴,검멀레동굴 _143_42469436.jpg
3,0,4000,0,20813,2252,검멀레동굴,검멀레동굴 _153_42469446.jpg
4,0,4000,0,20813,2252,검멀레동굴,검멀레동굴 _179_42469472.jpg
5,0,4000,0,20813,2252,검멀레동굴,검멀레동굴 _186_42469479.jpg
6,0,4000,0,20813,2252,검멀레동굴,검멀레동굴 _193_42469486.jpg
7,0,4000,0,20813,2252,검멀레동굴,검멀레동굴 _194_42469487.jpg
8,0,4000,0,20813,2252,검멀레동굴,검멀레동굴 _199_42469492.jpg
9,0,4000,0,20813,2252,검멀레동굴,검멀레동굴 _201_42469494.jpg
10,0,4000,0,20813,2252,검멀레동굴,검멀레동굴 _203_42469496.jpg
11,0,4000,0,20813,2252,검멀레동굴,검멀레동굴 _209_42469502.jpg
12,0,4000,0,20813,2252,검멀레동굴,검멀레동굴 _230_42469523.jpg
13,0,4000,0,20813,2252,검멀레동굴,검멀레동굴 _237_42469530.jpg
14,0,4000,0,20813,2252,검멀레동굴,검멀레동굴 _324_42469540.jpg
15,0,4000,0,20813,2252,검멀레동굴,검멀레동굴 _327_42469543.jpg
16,0,4000,0,20813,2252,검멀레동굴,검멀레동굴 _332_42469548.jpg
17,0,4032,0,20773,2268,곽지해수욕장,곽지해수욕장_058_42707380.jpg
18,0,4032,0,20773,2268,곽지해수욕장,곽지해수욕장_069_42707391.jpg
19,0,4032,0,20773,2268,곽지해수욕장,곽지해수욕장_084_42707406.jpg
20,0,4032,0,20773,2268,곽지해수욕장,곽지해수욕장_094_42707416.jpg
21,0,4032,0,20773,2268,곽지해수욕장,곽지해수욕장_120_42707442.jpg
22,0,4032,0,20773,2268,곽지해수욕장,곽지해수욕장_127_42707449.jpg
23,0,4032,0,20773,2268,곽지해수욕장,곽지해수욕장_134_42707456.jpg
24,0,4032,0,20773,2268,곽지해수욕장,곽지해수욕장_135_42707457.jpg
25,0,4032,0,20773,2268,곽지해수욕장,곽지해수욕장_140_42707462.jpg
26,0,4032,0,20773,2268,곽지해수욕장,곽지해수욕장_142_42707464.jpg
27,0,4032,0,20773,2268,곽지해수욕장,곽지해수욕장_144_42707466.jpg
28,0,4032,0,20773,2268,곽지해수욕장,곽지해수욕장_150_42707472.jpg
29,0,4032,0,20773,2268,곽지해수욕장,곽지해수욕장_178_42707500.jpg
30,0,4032,0,20773,2268,곽지해수욕장,곽지해수욕장_188_42707510.jpg
31,0,4032,0,20773,2268,곽지해수욕장,곽지해수욕장_191_42707513.jpg
32,0,4032,0,20773,2268,곽지해수욕장,곽지해수욕장_198_42707520.jpg
33,0,4032,0,20773,2268,곽지해수욕장,곽지해수욕장_200_42707522.jpg
34,0,4032.0,0,20885,2268.0,금능으뜸원해변,금능으뜸원해변_068_36735547.jpg
35,0,4032.0,0,20885,2268.0,금능으뜸원해변,금능으뜸원해변_079_36735570.jpg
36,0,4032,0,20885,2268,금능으뜸원해변,금능으뜸원해변_095_36735595.jpg
37,0,4032,0,20885,2268,금능으뜸원해변,금능으뜸원해변_106_36735609.jpg
38,0,4032,0,20885,2268,금능으뜸원해변,금능으뜸원해변_135_36735658.jpg
39,0,4032,0,20885,2268,금능으뜸원해변,금능으뜸원해변_144_36735668.jpg
40,0,4032,0,20885,2268,금능으뜸원해변,금능으뜸원해변_153_36735685.jpg
41,0,4032.0,0,20885,2268.0,금능으뜸원해변,금능으뜸원해변_154_36735688.jpg
42,0,4032.0,0,20885,2268.0,금능으뜸원해변,금능으뜸원해변_160_36735696.jpg
43,0,4032,0,20885,2268,금능으뜸원해변,금능으뜸원해변_163_36735699.jpg
44,0,4032.0,0,20885,2268.0,금능으뜸원해변,금능으뜸원해변_165_36735704.jpg
45,0,4032,0,20885,2268,금능으뜸원해변,금능으뜸원해변_173_36735715.jpg
46,0,4032,0,20885,2268,금능으뜸원해변,금능으뜸원해변_208_36735762.jpg
47,0,4032,0,20885,2268,금능으뜸원해변,금능으뜸원해변_218_36735778.jpg
48,0,4032.0,0,20885,2268.0,금능으뜸원해변,금능으뜸원해변_221_36735783.jpg
49,0,4032.0,0,20885,2268.0,금능으뜸원해변,금능으뜸원해변_228_36735796.jpg
50,0,4032.0,0,20885,2268.0,금능으뜸원해변,금능으뜸원해변_230_36735800.jpg
51,0,4032,0,20733,2268,김녕미로공원,김녕미로공원_046_43073452.jpg
52,0,4032,0,20733,2268,김녕미로공원,김녕미로공원_067_43073473.jpg
53,0,4032,0,20733,2268,김녕미로공원,김녕미로공원_071_43073477.jpg
54,0,4032,0,20733,2268,김녕미로공원,김녕미로공원_074_43073480.jpg
55,0,4032,0,20733,2268,김녕미로공원,김녕미로공원_093_43073499.jpg
56,0,4032,0,20733,2268,김녕미로공원,김녕미로공원_098_43073504.jpg
57,0,4032,0,20733,2268,김녕미로공원,김녕미로공원_099_43073505.jpg
58,0,4032,0,20733,2268,김녕미로공원,김녕미로공원_104_43073510.jpg
59,0,4032,0,20733,2268,김녕미로공원,김녕미로공원_106_43073512.jpg
60,0,4032,0,20733,2268,김녕미로공원,김녕미로공원_115_43073521.jpg
61,0,4032,0,20733,2268,김녕미로공원,김녕미로공원_117_43073523.jpg
62,0,4032,0,20732,2268,김녕성세기해변(김녕해수욕장),김녕성세가해변(김녕해수욕장)_046_43073572.jpg
63,0,4032,0,20732,2268,김녕성세기해변(김녕해수욕장),김녕성세가해변(김녕해수욕장)_067_43073593.jpg
64,0,4032,0,20732,2268,김녕성세기해변(김녕해수욕장),김녕성세가해변(김녕해수욕장)_071_43073597.jpg
65,0,4032,0,20732,2268,김녕성세기해변(김녕해수욕장),김녕성세가해변(김녕해수욕장)_074_43073600.jpg
66,0,4032,0,20732,2268,김녕성세기해변(김녕해수욕장),김녕성세가해변(김녕해수욕장)_093_43073619.jpg
67,0,4032,0,20732,2268,김녕성세기해변(김녕해수욕장),김녕성세가해변(김녕해수욕장)_098_43073624.jpg
68,0,4032,0,20732,2268,김녕성세기해변(김녕해수욕장),김녕성세가해변(김녕해수욕장)_099_43073625.jpg
69,0,4032,0,20732,2268,김녕성세기해변(김녕해수욕장),김녕성세가해변(김녕해수욕장)_104_43073630.jpg
70,0,4032,0,20732,2268,김녕성세기해변(김녕해수욕장),김녕성세가해변(김녕해수욕장)_106_43073632.jpg
71,0,4032,0,20732,2268,김녕성세기해변(김녕해수욕장),김녕성세가해변(김녕해수욕장)_115_43073641.jpg
72,0,4032,0,20732,2268,김녕성세기해변(김녕해수욕장),김녕성세가해변(김녕해수욕장)_117_43073643.jpg
73,80.01,4605.76,1274.99,20660,1812.0,김영갑갤러리(두모악),김영갑갤러리(두모악)_097_42469986.jpg
74,906.68,4478.29,296.41,20660,2438.96,김영갑갤러리(두모악),김영갑갤러리(두모악)_116_42470004.jpg
75,758.85,4274.66,152.04,20660,2282.22,김영갑갤러리(두모악),김영갑갤러리(두모악)_119_42470007.jpg
76,838.45,4447.9800000000005,135.43,20660,2225.1099999999997,김영갑갤러리(두모악),김영갑갤러리(두모악)_123_42470011.jpg
77,814.67,4427.38,0,20660,2023.81,김영갑갤러리(두모악),김영갑갤러리(두모악)_126_42470014.jpg
78,486.22,3880.7700000000004,772.26,20660,2182.4700000000003,김영갑갤러리(두모악),김영갑갤러리(두모악)_146_42470033.jpg
79,1172.64,4019.8199999999997,374.92,20660,1826.8400000000001,김영갑갤러리(두모악),김영갑갤러리(두모악)_151_42470038.jpg
80,918.12,4275.68,304.07,20660,1838.54,김영갑갤러리(두모악),김영갑갤러리(두모악)_152_42470039.jpg
81,996.35,4503.74,732.75,20660,2307.6400000000003,김영갑갤러리(두모악),김영갑갤러리(두모악)_157_42470044.jpg
82,859.25,4250.3099999999995,845.01,20660,2330.19,김영갑갤러리(두모악),김영갑갤러리(두모악)_162_42470049.jpg
83,1143.18,3349.6499999999996,677.49,21148,1637.49,너븐숭이4.3기념관,너븐숭이 4.3기념관_160_42059701.jpg
84,1054.68,3460.3599999999997,635.87,21148,1607.9,너븐숭이4.3기념관,너븐숭이 4.3기념관_187_42059717.jpg
85,1145.01,3519.33,803.01,21148,1829.62,너븐숭이4.3기념관,너븐숭이 4.3기념관_204_42059728.jpg
86,1103.06,3091.1099999999997,1383.88,21148,2220.13,너븐숭이4.3기념관,너븐숭이 4.3기념관_250_42059754.jpg
87,1280.84,3037.92,843.22,21148,1515.38,너븐숭이4.3기념관,너븐숭이 4.3기념관_261_42059761.jpg
88,1183.73,2939.62,1150.08,21148,1829.05,너븐숭이4.3기념관,너븐숭이 4.3기념관_273_42059770.jpg
89,1258.07,2928.5699999999997,705.19,21148,1312.0,너븐숭이4.3기념관,너븐숭이 4.3기념관_276_42059772.jpg
90,1160.41,2945.07,1262.46,21148,2103.82,너븐숭이4.3기념관,너븐숭이 4.3기념관_285_42059777.jpg
91,1274.8,3100.0,1379.96,21148,2130.55,너븐숭이4.3기념관,너븐숭이 4.3기념관_288_42059779.jpg
92,1280.37,2925.2,930.31,21148,1251.76,너븐숭이4.3기념관,너븐숭이 4.3기념관_302_42059788.jpg
93,1023.28,3184.41,886.85,21148,1758.6599999999999,너븐숭이4.3기념관,너븐숭이 4.3기념관_350_42059819.jpg
94,1014.26,3402.3900000000003,778.94,21148,1647.3000000000002,너븐숭이4.3기념관,너븐숭이 4.3기념관_367_42059831.jpg
95,813.2,3275.54,639.56,21148,1539.15,너븐숭이4.3기념관,너븐숭이 4.3기념관_373_42059834.jpg
96,1041.94,3320.88,711.96,21148,1538.76,너븐숭이4.3기념관,너븐숭이 4.3기념관_388_42059843.jpg
97,823.94,3286.55,836.97,21148,1751.87,너븐숭이4.3기념관,너븐숭이 4.3기념관_394_42059847.jpg
98,569.89,3436.6,1177.07,21148,2206.54,너븐숭이4.3기념관,너븐숭이 4.3기념관_405_42059855.jpg
99,816.32,3189.03,1084.22,21148,1968.03,너븐숭이4.3기념관,너븐숭이 4.3기념관_416_42059863.jpg
100,880.78,3273.84,931.75,21148,1789.01,너븐숭이4.3기념관,너븐숭이 4.3기념관_426_42059869.jpg
101,873.83,3490.74,785.73,21148,1788.5900000000001,너븐숭이4.3기념관,너븐숭이 4.3기념관_432_42059870.jpg
102,2443.96,2977.4,1341.94,20901,1806.0900000000001,동백포레스트,동백포레스트_084_41628293.jpg
103,0,4608.0,1136.35,20901,2288.68,동백포레스트,동백포레스트_095_41628591.jpg
104,2349.16,2899.8199999999997,1551.22,20901,1982.4,동백포레스트,동백포레스트_120_41628315.jpg
105,2388.36,2926.6400000000003,1265.22,20901,1650.4,동백포레스트,동백포레스트_146_41628345.jpg
106,0,4608.0,1389.22,20901,2274.04,동백포레스트,동백포레스트_152_41628356.jpg
107,0,4608.0,1251.89,20901,2157.6400000000003,동백포레스트,동백포레스트_158_41628363.jpg
108,20.97,3951.1899999999996,17.83,20901,2304.66,동백포레스트,동백포레스트_162_41628644.jpg
109,0,4608.0,1087.96,20901,2044.8400000000001,동백포레스트,동백포레스트_169_41628654.jpg
110,12.85,4608.0,1212.97,20901,2041.27,동백포레스트,동백포레스트_171_41628661.jpg
111,5.96,4589.26,1040.12,20901,1626.3899999999999,동백포레스트,동백포레스트_177_41628672.jpg
112,0,4608.0,1330.12,20901,2592.0,동백포레스트,동백포레스트_198_41628373.jpg
113,0,3566.58,1045.18,20901,2592.0,동백포레스트,동백포레스트_231_41628732.jpg
114,596.24,1997.72,824,20901,1677.9299999999998,동백포레스트,동백포레스트_237_41628414.jpg
115,0,4608.0,1087.97,20901,2592.0,동백포레스트,동백포레스트_239_41628417.jpg
116,1403.58,4608.0,1825.21,20901,2592.0,동백포레스트,동백포레스트_240_41628418.jpg
117,595.91,2334.87,1114.12,20901,2033.35,동백포레스트,동백포레스트_247_41628436.jpg
118,570.92,2361.88,691.74,20901,1815.28,동백포레스트,동백포레스트_253_41628740.jpg
119,921.68,2430.0499999999997,1197.69,20901,2044.44,동백포레스트,동백포레스트_256_41628440.jpg
120,0,4591.86,1061.05,20901,2228.8,동백포레스트,동백포레스트_263_41628451.jpg
121,679.1,3387.64,1144.45,20901,2008.67,동백포레스트,동백포레스트_265_41628748.jpg
122,3383.64,4608.0,1523.85,20901,2137.33,동백포레스트,동백포레스트_279_41628768.jpg
123,0,4596.5,1133.83,20901,2576.02,동백포레스트,동백포레스트_290_41628772.jpg
124,0,4608.0,1264.65,20901,2592.0,동백포레스트,동백포레스트_299_41628477.jpg
125,1001.33,3955.61,557.51,20901,1806.34,동백포레스트,동백포레스트_303_41628486.jpg
126,370.51,4608.0,872.71,20901,1980.26,동백포레스트,동백포레스트_305_41628789.jpg
127,0,4608.0,973.58,20901,2430.75,동백포레스트,동백포레스트_324_41628819.jpg
128,2367.43,2759.93,1184.89,20910,1876.81,마라도기념비,마라도 기념비_044_42636891.jpg
129,2327.7,2769.8399999999997,1368.79,20910,1986.07,마라도기념비,마라도 기념비_062_42636911.jpg
130,2712.12,3201.1099999999997,1548.57,20910,2229.89,마라도기념비,마라도 기념비_065_42636914.jpg
131,2375.17,2817.79,1198.67,20910,1838.16,마라도기념비,마라도 기념비_069_42636918.jpg
132,2104.29,2560.25,1304.3,20910,1939.4099999999999,마라도기념비,마라도 기념비_072_42636921.jpg
133,2170.77,2870.26,811.99,20910,1737.35,마라도기념비,마라도 기념비_091_42636940.jpg
134,2286.39,2991.81,858.2,20910,1760.6,마라도기념비,마라도 기념비_096_42636945.jpg
135,2263.27,2962.85,910.19,20910,1818.33,마라도기념비,마라도 기념비_097_42636946.jpg
136,1991.56,2620.74,956.4,20910,1862.42,마라도기념비,마라도 기념비_102_42636951.jpg
137,2346.54,2625.51,1248.41,20910,1697.23,마라도기념비,마라도 기념비_108_42636957.jpg
138,976.41,2979.32,626.47,20911,1820.05,마라도성당,마라도 성당_044_42637313.jpg
139,1566.71,3051.27,1188.07,20911,2078.3199999999997,마라도성당,마라도 성당_063_42637331.jpg
140,1447.11,2885.83,712.22,20911,1572.79,마라도성당,마라도 성당_066_42637334.jpg
141,1375.48,2819.81,946.1,20911,1795.43,마라도성당,마라도 성당_070_42637338.jpg
142,1259.3,2700.6099999999997,615.99,20911,1456.8,마라도성당,마라도 성당_073_42637341.jpg
143,1100.34,2969.1099999999997,740.72,20911,1985.8600000000001,마라도성당,마라도 성당_092_42637360.jpg
144,1083.92,2887.04,333.47,20911,1529.3,마라도성당,마라도 성당_097_42637365.jpg
145,1077.35,2883.75,312.8,20911,1492.1499999999999,마라도성당,마라도 성당_098_42637366.jpg
146,1218.54,3029.56,738.19,20911,1849.95,마라도성당,마라도 성당_103_42637371.jpg
147,1326.13,3128.71,609.11,20911,1681.3200000000002,마라도성당,마라도 성당_109_42637377.jpg
148,0,4032,0,20739,2268,만장굴,만장굴_046_43073933.jpg
149,0,4032,0,20739,2268,만장굴,만장굴_067_43073954.jpg
150,0,4032,0,20739,2268,만장굴,만장굴_071_43073958.jpg
151,0,4032,0,20739,2268,만장굴,만장굴_074_43073961.jpg
152,0,4032,0,20739,2268,만장굴,만장굴_093_43073980.jpg
153,0,4032,0,20739,2268,만장굴,만장굴_098_43073985.jpg
154,0,4032,0,20739,2268,만장굴,만장굴_099_43073986.jpg
155,0,4032,0,20739,2268,만장굴,만장굴_104_43073991.jpg
156,0,4032,0,20739,2268,만장굴,만장굴_106_43073993.jpg
157,0,4032,0,20739,2268,만장굴,만장굴_115_43074002.jpg
158,0,4032,0,20739,2268,만장굴,만장굴_117_43074004.jpg
159,1172.01,3273.4700000000003,775.79,21008,1694.3899999999999,보롬왓,보롬왓_115_42470564.jpg
160,1558.74,2831.25,890.61,21008,1524.08,보롬왓,보롬왓_159_42470582.jpg
161,1577.65,2871.61,1056.39,21008,1694.1100000000001,보롬왓,보롬왓_166_42470585.jpg
162,1520.15,3140.28,907.71,21008,1716.12,보롬왓,보롬왓_174_42470589.jpg
163,1534.61,3114.5299999999997,763.33,21008,1645.4,보롬왓,보롬왓_177_42470592.jpg
164,1723.95,2939.48,758.48,21008,1444.85,보롬왓,보롬왓_210_42470611.jpg
165,1637.68,2872.94,1193.35,21008,1916.05,보롬왓,보롬왓_219_42470616.jpg
166,1645.36,2855.3999999999996,1027.07,21008,1713.3799999999999,보롬왓,보롬왓_222_42470617.jpg
167,1637.13,2820.84,1029.64,21008,1656.8700000000001,보롬왓,보롬왓_231_42470622.jpg
168,1479.4,2880.59,594.86,21008,1340.37,보롬왓,보롬왓_241_42470628.jpg
169,2419.24,2713.6,613.7,21037,1046.2,비자림,비자림_044_43074291.jpg
170,2422.2,2710.64,646.95,21037,1014.77,비자림,비자림_062_43074309.jpg
171,1873.96,2160.6800000000003,645.49,21037,1021.36,비자림,비자림_065_43074312.jpg
172,1671.26,1927.63,662.05,21037,1072.72,비자림,비자림_069_43074316.jpg
173,2477.74,2741.0099999999998,592.82,21037,1024.15,비자림,비자림_072_43074319.jpg
174,1671.32,1922.08,615.61,21037,1019.8199999999999,비자림,비자림_091_43074338.jpg
175,1627.98,1882.64,640.42,21037,1042.03,비자림,비자림_096_43074343.jpg
176,1401.86,1655.2399999999998,611.58,21037,1021.28,비자림,비자림_097_43074344.jpg
177,1431.55,1694.0,907.54,21037,1320.85,비자림,비자림_102_43074349.jpg
178,2488.04,2747.91,708.3,21037,1133.8899999999999,비자림,비자림_108_43074355.jpg
179,0,4608.0,0,20829,2592.0,사려니숲길,사려니숲길_092_41633190.jpg
180,0,4608.0,0,20829,2592.0,사려니숲길,사려니숲길_108_41633227.jpg
181,0,4608.0,0,20829,2592.0,사려니숲길,사려니숲길_118_41633251.jpg
182,0,4608.0,0,20829,2592.0,사려니숲길,사려니숲길_145_41633300.jpg
183,0,4608.0,0,20829,2592.0,사려니숲길,사려니숲길_152_41633322.jpg
184,0,4608.0,0,20829,2592.0,사려니숲길,사려니숲길_159_41633335.jpg
185,0,4608.0,0,20829,2592.0,사려니숲길,사려니숲길_160_41633337.jpg
186,0,4608.0,0,20829,2592.0,사려니숲길,사려니숲길_165_41633345.jpg
187,0,4608.0,0,20829,2592.0,사려니숲길,사려니숲길_167_41633347.jpg
188,0,4608.0,0,20829,2592.0,사려니숲길,사려니숲길_175_41633366.jpg
189,0,4608.0,0,20829,2592.0,사려니숲길,사려니숲길_203_41633430.jpg
190,0,4608.0,0,20829,2592.0,사려니숲길,사려니숲길_214_41633457.jpg
191,0,4608.0,0,20829,2592.0,사려니숲길,사려니숲길_217_41633463.jpg
192,0,4032.0,0,20829,2268.0,사려니숲길,사려니숲길_227_41633483.jpg
193,0,4608.0,0,20829,2592.0,사려니숲길,사려니숲길_233_41633493.jpg
194,0,4608.0,0,20829,2592.0,사려니숲길,사려니숲길_239_41633503.jpg
195,0,4032.0,0,20829,2268.0,사려니숲길,사려니숲길_249_41633523.jpg
196,0,4032.0,0,20829,2268.0,사려니숲길,사려니숲길_252_41633530.jpg
197,0,4608.0,0,20829,2592.0,사려니숲길,사려니숲길_258_41633538.jpg
198,0,4608.0,0,20829,2592.0,사려니숲길,사려니숲길_265_41633550.jpg
199,0,4608.0,0,20829,2592.0,사려니숲길,사려니숲길_269_41633557.jpg
200,0,4032.0,0,20829,2268.0,사려니숲길,사려니숲길_273_41633571.jpg
201,0,4032.0,0,20829,2268.0,사려니숲길,사려니숲길_282_41633586.jpg
202,0,4608.0,0,20829,2592.0,사려니숲길,사려니숲길_292_41633616.jpg
203,0,4608.0,0,20829,2592.0,사려니숲길,사려니숲길_307_41633643.jpg
204,0,4608.0,0,20829,2592.0,사려니숲길,사려니숲길_312_41633652.jpg
205,0,4608.0,0,20826,2592.0,산굼부리,산굼부리_099_42060502.jpg
206,0,4599.66,0,20826,2573.21,산굼부리,산굼부리_117_42060520.jpg
207,2495.84,4608.0,436.81,20826,1404.45,산굼부리,산굼부리_131_42060532.jpg
208,0,4608.0,679.18,20826,2592.0,산굼부리,산굼부리_162_42060562.jpg
209,0,4608.0,118.28,20826,2592.0,산굼부리,산굼부리_170_42060570.jpg
210,1274.17,4608.0,126.16,20826,2592.0,산굼부리,산굼부리_180_42060580.jpg
211,1464.32,1801.74,1630.4,20826,1895.97,산굼부리,산굼부리_181_42060581.jpg
212,1265.94,4608.0,21.54,20826,2592.0,산굼부리,산굼부리_187_42060586.jpg
213,6.13,4608.0,0,20826,2052.15,산굼부리,산굼부리_189_42060589.jpg
214,0,4606.77,0,20826,2590.78,산굼부리,산굼부리_200_42060599.jpg
215,3128.65,4608.0,6.3,20826,2592.0,산굼부리,산굼부리_234_42060629.jpg
216,1872.69,2463.94,1023.83,20826,1665.24,산굼부리,산굼부리_246_42060640.jpg
217,2020.6,2462.4,1077.76,20826,1624.1100000000001,산굼부리,산굼부리_251_42060644.jpg
218,0,4606.4,769.65,20826,2592.0,산굼부리,산굼부리_261_42060656.jpg
219,537.42,4608.0,1426.98,20826,2085.33,산굼부리,산굼부리_266_42060660.jpg
220,1638.07,1873.5,1719.76,20826,1789.38,산굼부리,산굼부리_273_42060666.jpg
221,356.93,4608.0,1000.64,20826,1810.79,산굼부리,산굼부리_285_42060677.jpg
222,214.48,1911.27,947.93,20826,1974.6399999999999,산굼부리,산굼부리_289_42060680.jpg
223,461.98,4608.0,873.42,20826,1925.73,산굼부리,산굼부리_296_42060686.jpg
224,1775.57,4608.0,935.69,20826,1876.8000000000002,산굼부리,산굼부리_300_42060689.jpg
225,365.01,1793.64,1692.64,20826,2179.11,산굼부리,산굼부리_308_42060697.jpg
226,1398.35,4000.0,839.91,20649,2231.77,새섬새연교,새섬 새연교_086_38861707.jpg
227,1422.8,2771.69,1442.23,20649,2030.93,새섬새연교,새섬 새연교_097_38861739.jpg
228,1397.7,4000.0,873.3,20649,2252.0,새섬새연교,새섬 새연교_112_38861766.jpg
229,1458.79,4000.0,878.37,20649,2099.89,새섬새연교,새섬 새연교_132_38861782.jpg
230,1690.63,3526.4,560.7,20649,1346.85,새섬새연교,새섬 새연교_182_38861840.jpg
231,881.34,4000.0,1169.87,20649,2252.0,새섬새연교,새섬 새연교_189_38861860.jpg
232,1130.4,4000.0,707.52,20649,2247.56,새섬새연교,새섬 새연교_198_38861875.jpg
233,1579.03,4000.0,1456.18,20649,2252.0,새섬새연교,새섬 새연교_199_38861877.jpg
234,1896.37,3517.4399999999996,1316.63,20649,1961.27,새섬새연교,새섬 새연교_204_38861888.jpg
235,1903.84,3984.9799999999996,1038.59,20649,1633.67,새섬새연교,새섬 새연교_206_38861896.jpg
236,1892.52,3625.17,860.35,20649,1447.01,새섬새연교,새섬 새연교_208_38861903.jpg
237,1688.84,4000.0,789.49,20649,2076.19,새섬새연교,새섬 새연교_214_38861914.jpg
238,1630.55,4000.0,809.64,20649,1503.98,새섬새연교,새섬 새연교_247_38861972.jpg
239,1927.09,3482.43,985.58,20649,1550.98,새섬새연교,새섬 새연교_257_38861998.jpg
240,1644.35,4000.0,258.53,20649,1327.27,새섬새연교,새섬 새연교_260_38862002.jpg
241,1827.1,4000.0,561.86,20649,1602.48,새섬새연교,새섬 새연교_269_38862020.jpg
242,1559.46,4000.0,988.59,20649,2073.21,새섬새연교,새섬 새연교_273_38862026.jpg
243,1685.96,3979.82,794.99,20649,1838.01,새섬새연교,새섬 새연교_283_38862040.jpg
244,0,4608,0,20719,2592,서귀포치유의숲,서귀포치유의숲_052_36388701.jpg
245,0,4032,0,20719,2268,서귀포치유의숲,서귀포치유의숲_067_36388732.jpg
246,0,4032,0,20719,2268,서귀포치유의숲,서귀포치유의숲_077_36388755.jpg
247,0,4608,0,20719,2592,서귀포치유의숲,서귀포치유의숲_103_36388794.jpg
248,0,4608,0,20719,2592,서귀포치유의숲,서귀포치유의숲_110_36388803.jpg
249,0,4608,0,20719,2592,서귀포치유의숲,서귀포치유의숲_117_36388818.jpg
250,0,4608,0,20719,2592,서귀포치유의숲,서귀포치유의숲_118_36388822.jpg
251,0,4608,0,20719,2592,서귀포치유의숲,서귀포치유의숲_123_36388828.jpg
252,0,4608,0,20719,2592,서귀포치유의숲,서귀포치유의숲_125_36388832.jpg
253,0,4608,0,20719,2592,서귀포치유의숲,서귀포치유의숲_127_36388838.jpg
254,0,4608,0,20719,2592,서귀포치유의숲,서귀포치유의숲_134_36388853.jpg
255,0,4608,0,20719,2592,서귀포치유의숲,서귀포치유의숲_162_36388901.jpg
256,0,4608,0,20719,2592,서귀포치유의숲,서귀포치유의숲_187_36388915.jpg
257,0,4608,0,20719,2592,서귀포치유의숲,서귀포치유의숲_190_36388922.jpg
258,0,4608,0,20719,2592,서귀포치유의숲,서귀포치유의숲_198_36388934.jpg
259,0,4608,0,20719,2592,서귀포치유의숲,서귀포치유의숲_199_36388935.jpg
260,0,4608,0,20871,2592,성이시돌목장,성이시돌목장_082_42638176.jpg
261,0,4608,0,20871,2592,성이시돌목장,성이시돌목장_093_42638187.jpg
262,0,4608,0,20871,2592,성이시돌목장,성이시돌목장_118_42638212.jpg
263,0,4608,0,20871,2592,성이시돌목장,성이시돌목장_144_42638238.jpg
264,0,4608,0,20871,2592,성이시돌목장,성이시돌목장_150_42638244.jpg
265,0,4608,0,20871,2592,성이시돌목장,성이시돌목장_158_42638252.jpg
266,0,4608,0,20871,2592,성이시돌목장,성이시돌목장_159_42638253.jpg
267,0,4608,0,20871,2592,성이시돌목장,성이시돌목장_164_42638258.jpg
268,0,4608,0,20871,2592,성이시돌목장,성이시돌목장_166_42638260.jpg
269,0,4608,0,20871,2592,성이시돌목장,성이시돌목장_168_42638262.jpg
270,0,4608,0,20871,2592,성이시돌목장,성이시돌목장_174_42638268.jpg
271,0,4608,0,20871,2592,성이시돌목장,성이시돌목장_195_42638289.jpg
272,0,4608,0,20871,2592,성이시돌목장,성이시돌목장_228_42638322.jpg
273,0,4608,0,20871,2592,성이시돌목장,성이시돌목장_234_42638328.jpg
274,0,4608,0,20871,2592,성이시돌목장,성이시돌목장_236_42638330.jpg
275,0,4608,0,20871,2592,성이시돌목장,성이시돌목장_237_42638331.jpg
276,0,4608,0,20871,2592,성이시돌목장,성이시돌목장_244_42638338.jpg
277,0,4608,0,20871,2592,성이시돌목장,성이시돌목장_253_42638347.jpg
278,0,4608,0,20871,2592,성이시돌목장,성이시돌목장_260_42638354.jpg
279,0,4608,0,20871,2592,성이시돌목장,성이시돌목장_268_42638362.jpg
280,0,4608,0,20871,2592,성이시돌목장,성이시돌목장_276_42638370.jpg
281,0,4608,0,20871,2592,성이시돌목장,성이시돌목장_287_42638381.jpg
282,0,4032,0,20871,2268,성이시돌목장,성이시돌목장_296_42638390.jpg
283,0,4032,0,20871,2268,성이시돌목장,성이시돌목장_299_42638393.jpg
284,0,4032,0,20871,2268,성이시돌목장,성이시돌목장_301_42638395.jpg
285,0,4032,0,20871,2268,성이시돌목장,성이시돌목장_313_42638407.jpg
286,0,4032,0,20871,2268,성이시돌목장,성이시돌목장_319_42638413.jpg
287,0,4000.0,0,20989,2252.0,소인국테마파크,소인국테마파크_103_37953468.jpg
288,0,4000.0,0,20989,2252.0,소인국테마파크,소인국테마파크_124_37953485.jpg
289,0,4000.0,0,20989,2252.0,소인국테마파크,소인국테마파크_151_37953503.jpg
290,0,4000.0,0,20989,2252.0,소인국테마파크,소인국테마파크_169_37953514.jpg
291,0,4000.0,0,20989,2252.0,소인국테마파크,소인국테마파크_216_37953550.jpg
292,0,4000.0,0,20989,2252.0,소인국테마파크,소인국테마파크_228_37953558.jpg
293,0,4000.0,0,20989,2252.0,소인국테마파크,소인국테마파크_241_37953567.jpg
294,0,4000.0,0,20989,2252.0,소인국테마파크,소인국테마파크_242_37953568.jpg
295,0,4000.0,0,20989,2252.0,소인국테마파크,소인국테마파크_252_37953573.jpg
296,0,4000.0,0,20989,2252.0,소인국테마파크,소인국테마파크_254_37953575.jpg
297,0,4000.0,0,20989,2252.0,소인국테마파크,소인국테마파크_259_37953577.jpg
298,0,4000.0,0,20989,2252.0,소인국테마파크,소인국테마파크_270_37953586.jpg
299,0,4000.0,0,20989,2252.0,소인국테마파크,소인국테마파크_319_37953622.jpg
300,0,4000.0,0,20989,2252.0,소인국테마파크,소인국테마파크_337_37953634.jpg
301,0,4000.0,0,20989,2252.0,소인국테마파크,소인국테마파크_343_37953637.jpg
302,0,4000.0,0,20989,2252.0,소인국테마파크,소인국테마파크_360_37953647.jpg
303,0,4000.0,0,20989,2252.0,소인국테마파크,소인국테마파크_367_37953653.jpg
304,0,4032.0,754.07,20718,2268.0,쇠소깍,쇠소깍056_39281111.jpg
305,0,4608.0,0,20718,2578.05,쇠소깍,쇠소깍067_39281133.jpg
306,0,4608.0,0,20718,2592.0,쇠소깍,쇠소깍082_39281161.jpg
307,0,4608.0,1885.78,20718,2592.0,쇠소깍,쇠소깍092_39281188.jpg
308,21.15,4608.0,12.39,20718,2592.0,쇠소깍,쇠소깍120_39281266.jpg
309,0,4608.0,1423.04,20718,2592.0,쇠소깍,쇠소깍127_39281288.jpg
310,1527.84,4608.0,1433.9,20718,2592.0,쇠소깍,쇠소깍134_39281300.jpg
311,1121.06,4608.0,1482.87,20718,2588.89,쇠소깍,쇠소깍135_39281304.jpg
312,4.62,4608.0,11.69,20718,2592.0,쇠소깍,쇠소깍140_39281312.jpg
313,0,4608.0,10.39,20718,2592.0,쇠소깍,쇠소깍142_39281318.jpg
314,0,4608.0,0,20718,2592.0,쇠소깍,쇠소깍144_39281320.jpg
315,0,4608.0,861.94,20718,2567.7,쇠소깍,쇠소깍150_39281327.jpg
316,1202.23,4601.23,360.02,20718,1502.87,쇠소깍,쇠소깍178_39281385.jpg
317,0,4608.0,0,20718,2592.0,쇠소깍,쇠소깍188_39281406.jpg
318,729.67,4608.0,199.13,20718,2592.0,쇠소깍,쇠소깍191_39281413.jpg
319,0,4608.0,0,20718,2592.0,쇠소깍,쇠소깍198_39281431.jpg
320,359.74,4608.0,1529.23,20718,2592.0,쇠소깍,쇠소깍200_39281434.jpg
321,0,4608,0,21130,2592,아침미소목장,아침미소목장_088_42640135.jpg
322,0,4608,0,21130,2592,아침미소목장,아침미소목장_103_42640150.jpg
323,0,4608,0,21130,2592,아침미소목장,아침미소목장_113_42640160.jpg
324,0,4032,0,21130,2268,아침미소목장,아침미소목장_139_42640186.jpg
325,0,4032,0,21130,2268,아침미소목장,아침미소목장_146_42640193.jpg
326,0,4032,0,21130,2268,아침미소목장,아침미소목장_153_42640200.jpg
327,0,4032,0,21130,2268,아침미소목장,아침미소목장_154_42640201.jpg
328,0,4032,0,21130,2268,아침미소목장,아침미소목장_159_42640206.jpg
329,0,4032,0,21130,2268,아침미소목장,아침미소목장_161_42640208.jpg
330,0,4032,0,21130,2268,아침미소목장,아침미소목장_169_42640216.jpg
331,0,4608,0,21130,2592,아침미소목장,아침미소목장_197_42640244.jpg
332,0,4608,0,21130,2592,아침미소목장,아침미소목장_207_42640254.jpg
333,0,4032,0,21130,2268,아침미소목장,아침미소목장_210_42640257.jpg
334,0,4608,0,21130,2592,아침미소목장,아침미소목장_219_42640266.jpg
335,0,4608,0,21130,2592,아침미소목장,아침미소목장_223_42640270.jpg
336,0,4608,0,21130,2592,아침미소목장,아침미소목장_229_42640276.jpg
337,0,4608,0,21130,2592,아침미소목장,아침미소목장_239_42640286.jpg
338,0,4608,0,21130,2592,아침미소목장,아침미소목장_242_42640289.jpg
339,0,4608,0,21130,2592,아침미소목장,아침미소목장_248_42640295.jpg
340,0,4608,0,21130,2592,아침미소목장,아침미소목장_255_42640302.jpg
341,0,4608,0,21130,2592,아침미소목장,아침미소목장_259_42640306.jpg
342,0,4608,0,21130,2592,아침미소목장,아침미소목장_263_42640310.jpg
343,0,4608,0,21130,2592,아침미소목장,아침미소목장_272_42640319.jpg
344,0,4608,0,21130,2592,아침미소목장,아침미소목장_297_42640344.jpg
345,0,4608,0,21130,2592,아침미소목장,아침미소목장_298_42640345.jpg
346,0,4032,0,20833,2268,에코랜드테마파크,에코랜드테마파크_072_39445688.jpg
347,0,4032.0,0,20833,2268.0,에코랜드테마파크,에코랜드테마파크_088_39445739.jpg
348,0,4032.0,0,20833,2268.0,에코랜드테마파크,에코랜드테마파크_098_39445771.jpg
349,0,4032,0,20833,2268,에코랜드테마파크,에코랜드테마파크_124_39445838.jpg
350,0,4032.0,0,20833,2268.0,에코랜드테마파크,에코랜드테마파크_132_39445862.jpg
351,0,4032.0,0,20833,2268.0,에코랜드테마파크,에코랜드테마파크_139_39445878.jpg
352,0,4032.0,0,20833,2268.0,에코랜드테마파크,에코랜드테마파크_140_39445881.jpg
353,0,4032.0,0,20833,2268.0,에코랜드테마파크,에코랜드테마파크_145_39445894.jpg
354,0,4032,0,20833,2268,에코랜드테마파크,에코랜드테마파크_147_39445906.jpg
355,0,4032,0,20833,2268,에코랜드테마파크,에코랜드테마파크_149_39445909.jpg
356,0,4032,0,20833,2268,에코랜드테마파크,에코랜드테마파크_155_39445918.jpg
357,0,4032,0,20833,2268,에코랜드테마파크,에코랜드테마파크_183_39445994.jpg
358,0,4032,0,20833,2268,에코랜드테마파크,에코랜드테마파크_193_39446022.jpg
359,0,4032,0,20833,2268,에코랜드테마파크,에코랜드테마파크_196_39446040.jpg
360,0,4032,0,20833,2268,에코랜드테마파크,에코랜드테마파크_205_39446056.jpg
361,0,4032,0,20833,2268,에코랜드테마파크,에코랜드테마파크_209_39446064.jpg
362,0,4032.0,0,20833,2268.0,에코랜드테마파크,에코랜드테마파크_215_39446087.jpg
363,0,4032,0,20833,2268,에코랜드테마파크,에코랜드테마파크_221_39446096.jpg
364,0,4032.0,0,20833,2268.0,에코랜드테마파크,에코랜드테마파크_227_39446109.jpg
365,0,4000,0,20628,2252,여미지식물원,여미지식물원_046_42385017.jpg
366,0,4000,0,20628,2252,여미지식물원,여미지식물원_067_42385038.jpg
367,0,4000,0,20628,2252,여미지식물원,여미지식물원_071_42385042.jpg
368,0,4000,0,20628,2252,여미지식물원,여미지식물원_074_42385045.jpg
369,0,4000,0,20628,2252,여미지식물원,여미지식물원_093_42385064.jpg
370,0,4000,0,20628,2252,여미지식물원,여미지식물원_098_42385069.jpg
371,0,4000,0,20628,2252,여미지식물원,여미지식물원_099_42385070.jpg
372,0,4000,0,20628,2252,여미지식물원,여미지식물원_104_42385075.jpg
373,0,4000,0,20628,2252,여미지식물원,여미지식물원_106_42385077.jpg
374,0,4000,0,20628,2252,여미지식물원,여미지식물원_115_42385086.jpg
375,0,4000,0,20628,2252,여미지식물원,여미지식물원_118_42385089.jpg
376,0,4000,0,20801,2252,오라동청보리-메밀꽃밭,오라동 청보리-메밀꽃밭_159_43226007.jpg
377,0,4000,0,20801,2252,오라동청보리-메밀꽃밭,오라동 청보리-메밀꽃밭_170_43226018.jpg
378,0,4000,0,20801,2252,오라동청보리-메밀꽃밭,오라동 청보리-메밀꽃밭_194_43226033.jpg
379,0,4000,0,20801,2252,오라동청보리-메밀꽃밭,오라동 청보리-메밀꽃밭_204_43226043.jpg
380,0,4000,0,20801,2252,오라동청보리-메밀꽃밭,오라동 청보리-메밀꽃밭_239_43226069.jpg
381,0,4000,0,20801,2252,오라동청보리-메밀꽃밭,오라동 청보리-메밀꽃밭_246_43226076.jpg
382,0,4000,0,20801,2252,오라동청보리-메밀꽃밭,오라동 청보리-메밀꽃밭_253_43226083.jpg
383,0,4000,0,20801,2252,오라동청보리-메밀꽃밭,오라동 청보리-메밀꽃밭_254_43226084.jpg
384,0,4000,0,20801,2252,오라동청보리-메밀꽃밭,오라동 청보리-메밀꽃밭_266_43226089.jpg
385,0,4000,0,20801,2252,오라동청보리-메밀꽃밭,오라동 청보리-메밀꽃밭_268_43226091.jpg
386,0,4000,0,20801,2252,오라동청보리-메밀꽃밭,오라동 청보리-메밀꽃밭_270_43226093.jpg
387,0,4000,0,20801,2252,오라동청보리-메밀꽃밭,오라동 청보리-메밀꽃밭_276_43226099.jpg
388,0,4000,0,20801,2252,오라동청보리-메밀꽃밭,오라동 청보리-메밀꽃밭_312_43226127.jpg
389,0,4000,0,20801,2252,오라동청보리-메밀꽃밭,오라동 청보리-메밀꽃밭_322_43226137.jpg
390,0,4000,0,20801,2252,오라동청보리-메밀꽃밭,오라동 청보리-메밀꽃밭_325_43226140.jpg
391,0,4000,0,20801,2252,오라동청보리-메밀꽃밭,오라동 청보리-메밀꽃밭_332_43226147.jpg
392,0,4000,0,20801,2252,오라동청보리-메밀꽃밭,오라동 청보리-메밀꽃밭_334_43226149.jpg
393,560.23,2912.08,843.04,20688,1981.05,오설록티뮤지엄,오설록 티뮤지엄_126_37954647.jpg
394,410.31,2779.32,410.36,20688,1981.8400000000001,오설록티뮤지엄,오설록 티뮤지엄_148_37954660.jpg
395,958.76,3069.0600000000004,843.45,20688,1949.21,오설록티뮤지엄,오설록 티뮤지엄_173_37954681.jpg
396,23.36,2500.0,897.67,20688,2198.91,오설록티뮤지엄,오설록 티뮤지엄_191_37954692.jpg
397,826.44,2882.37,949.03,20688,2009.11,오설록티뮤지엄,오설록 티뮤지엄_235_37954730.jpg
398,460.79,2977.55,864.74,20688,2252.0,오설록티뮤지엄,오설록 티뮤지엄_246_37954739.jpg
399,597.93,2914.21,878.64,20688,2252.0,오설록티뮤지엄,오설록 티뮤지엄_259_37954748.jpg
400,963.63,2486.74,563.67,20688,1744.9,오설록티뮤지엄,오설록 티뮤지엄_260_37954749.jpg
401,751.32,2716.7200000000003,389.3,20688,1647.0,오설록티뮤지엄,오설록 티뮤지엄_270_37954755.jpg
402,831.98,3065.33,626.35,20688,1824.06,오설록티뮤지엄,오설록 티뮤지엄_272_37954760.jpg
403,895.6,2853.89,1090.63,20688,2240.67,오설록티뮤지엄,오설록 티뮤지엄_277_37954763.jpg
404,852.13,2496.05,706.74,20688,1702.12,오설록티뮤지엄,오설록 티뮤지엄_287_37954771.jpg
405,974.68,2870.81,562.16,20688,1748.98,오설록티뮤지엄,오설록 티뮤지엄_336_37954807.jpg
406,0,2947.01,696.12,20688,1813.52,오설록티뮤지엄,오설록 티뮤지엄_353_37954820.jpg
407,656.4,2716.9,830.98,20688,2031.3700000000001,오설록티뮤지엄,오설록 티뮤지엄_358_37954823.jpg
408,0,3298.96,347.32,20688,1802.47,오설록티뮤지엄,오설록 티뮤지엄_373_37954833.jpg
409,0,3453.27,617.83,20688,2184.92,오설록티뮤지엄,오설록 티뮤지엄_376_37954836.jpg
410,1804.84,2240.0499999999997,1028.83,20652,1529.1299999999999,외돌개,외돌개_083_38515974.jpg
411,1811.64,2220.98,769.66,20652,1269.5,외돌개,외돌개_100_38516002.jpg
412,1694.19,2248.1,844.3,20652,1513.36,외돌개,외돌개_121_38516046.jpg
413,1892.49,2327.1,1394.43,20652,1942.0,외돌개,외돌개_136_38516071.jpg
414,1742.51,2306.68,1056.98,20652,1771.48,외돌개,외돌개_176_38516152.jpg
415,1724.77,2172.5,1317.58,20652,1848.42,외돌개,외돌개_186_38516172.jpg
416,1722.42,2192.67,1548.17,20652,2126.71,외돌개,외돌개_196_38516185.jpg
417,1749.41,2168.26,1223.55,20652,1733.02,외돌개,외돌개_198_38516187.jpg
418,1828.07,2237.69,810.48,20652,1301.8,외돌개,외돌개_206_38516199.jpg
419,1624.3,2338.43,1146.64,20652,2047.7800000000002,외돌개,외돌개_208_38516203.jpg
420,1534.76,2306.1,1173.13,20652,2073.3900000000003,외돌개,외돌개_213_38516209.jpg
421,1783.6,2232.91,1062.28,20652,1588.21,외돌개,외돌개_221_38516224.jpg
422,1981.53,2405.54,889.77,20652,1377.96,외돌개,외돌개_253_38516296.jpg
423,1814.05,2220.83,738.12,20652,1241.0,외돌개,외돌개_263_38516311.jpg
424,1617.48,2312.0,1043.53,20652,1935.3899999999999,외돌개,외돌개_278_38516331.jpg
425,1867.98,2292.17,1148.14,20652,1652.6000000000001,외돌개,외돌개_282_38516340.jpg
426,1808.32,2212.7599999999998,799.94,20652,1295.1100000000001,외돌개,외돌개_295_38516361.jpg
427,1699.36,2146.14,1330.15,20652,1854.5100000000002,외돌개,외돌개_305_38516370.jpg
428,1254.2,3051.3,451.91,21125,1434.57,용두암,용두암_090_42904635.jpg
429,1218.99,3012.77,760.26,21125,1745.3,용두암,용두암_108_42904653.jpg
430,1408.71,2909.19,1260.33,21125,2068.05,용두암,용두암_147_42904656.jpg
431,1664.01,2711.7,1125.44,21125,1713.99,용두암,용두암_164_42904660.jpg
432,1355.73,2880.31,489.54,21125,1323.77,용두암,용두암_167_42904663.jpg
433,1278.65,3258.42,841.22,21125,1888.0,용두암,용두암_198_42904682.jpg
434,1529.14,2885.12,1123.04,21125,1834.3899999999999,용두암,용두암_203_42904687.jpg
435,1548.4,2880.3,1000.19,21125,1687.45,용두암,용두암_204_42904688.jpg
436,1567.67,3141.83,1262.74,21125,2054.21,용두암,용두암_209_42904693.jpg
437,1581.61,3111.51,1116.83,21125,1887.57,용두암,용두암_215_42904699.jpg
438,1.35,4000.0,4.89,20676,2252.0,용머리해안,용머리해안_084_41856947.jpg
439,2056.71,4000.0,1227.56,20676,2252.0,용머리해안,용머리해안_100_41856966.jpg
440,0,4000.0,0,20676,2252.0,용머리해안,용머리해안_123_41856996.jpg
441,0,4000.0,0,20676,2252.0,용머리해안,용머리해안_139_41857018.jpg
442,0,4000.0,0,20676,2252.0,용머리해안,용머리해안_178_41857067.jpg
443,0.85,4000.0,15.3,20676,2252.0,용머리해안,용머리해안_189_41857077.jpg
444,0,3116.25,0,20676,2252.0,용머리해안,용머리해안_201_41857089.jpg
445,0,4000.0,0,20676,2252.0,용머리해안,용머리해안_204_41857092.jpg
446,1.1,4000.0,0,20676,2252.0,용머리해안,용머리해안_214_41857098.jpg
447,0,4000.0,0,20676,2252.0,용머리해안,용머리해안_219_41857103.jpg
448,0,4000.0,0,20676,2252.0,용머리해안,용머리해안_223_41857109.jpg
449,841.52,2566.5299999999997,535.2,20676,2252.0,용머리해안,용머리해안_237_41857117.jpg
450,0,4000.0,0,20676,2252.0,용머리해안,용머리해안_285_41857158.jpg
451,0,4000.0,0,20676,2252.0,용머리해안,용머리해안_300_41857175.jpg
452,0,4000.0,598.55,20676,2252.0,용머리해안,용머리해안_322_41857193.jpg
453,0,4000.0,561.86,20676,2252.0,용머리해안,용머리해안_330_41857200.jpg
454,0,4000.0,262.64,20676,2252.0,용머리해안,용머리해안_348_41857212.jpg
455,0,4032,0,20738,2268,월정리해변(월정리해수욕장),월정리해변(월정리해수욕장)_047_43075014.jpg
456,0,4032,0,20738,2268,월정리해변(월정리해수욕장),월정리해변(월정리해수욕장)_068_43075035.jpg
457,0,4032,0,20738,2268,월정리해변(월정리해수욕장),월정리해변(월정리해수욕장)_072_43075039.jpg
458,0,4032,0,20738,2268,월정리해변(월정리해수욕장),월정리해변(월정리해수욕장)_075_43075042.jpg
459,0,4032,0,20738,2268,월정리해변(월정리해수욕장),월정리해변(월정리해수욕장)_094_43075061.jpg
460,0,4032,0,20738,2268,월정리해변(월정리해수욕장),월정리해변(월정리해수욕장)_099_43075066.jpg
461,0,4032,0,20738,2268,월정리해변(월정리해수욕장),월정리해변(월정리해수욕장)_100_43075067.jpg
462,0,4032,0,20738,2268,월정리해변(월정리해수욕장),월정리해변(월정리해수욕장)_105_43075072.jpg
463,0,4032,0,20738,2268,월정리해변(월정리해수욕장),월정리해변(월정리해수욕장)_107_43075074.jpg
464,0,4032,0,20738,2268,월정리해변(월정리해수욕장),월정리해변(월정리해수욕장)_116_43075083.jpg
465,1112.11,3053.4799999999996,960.67,20641,2225.35,이중섭미술관,이중섭 미술관_086_37955749.jpg
466,792.17,3557.2400000000002,853.42,20641,2235.42,이중섭미술관,이중섭 미술관_103_37955762.jpg
467,595.24,3557.8199999999997,858.9,20641,2229.49,이중섭미술관,이중섭 미술관_126_37955780.jpg
468,671.25,3611.5,627.36,20641,2003.48,이중섭미술관,이중섭 미술관_140_37955795.jpg
469,318.65,3645.4100000000003,761.69,20641,2252.0,이중섭미술관,이중섭 미술관_180_37955829.jpg
470,509.35,3405.54,426.61,20641,1964.71,이중섭미술관,이중섭 미술관_190_37955839.jpg
471,509.67,3810.83,80.1,20641,1753.4599999999998,이중섭미술관,이중섭 미술관_200_37955848.jpg
472,367,3710.95,568.62,20641,2102.23,이중섭미술관,이중섭 미술관_202_37955849.jpg
473,207.89,3685.89,403.32,20641,2252.0,이중섭미술관,이중섭 미술관_210_37955858.jpg
474,313.08,3649.71,207.4,20641,2087.88,이중섭미술관,이중섭 미술관_212_37955860.jpg
475,359.25,3816.47,312.85,20641,2105.66,이중섭미술관,이중섭 미술관_216_37955862.jpg
476,345.46,3677.8,312.39,20641,2100.32,이중섭미술관,이중섭 미술관_224_37955868.jpg
477,872.15,3138.86,402.43,20641,1882.01,이중섭미술관,이중섭 미술관_266_37955907.jpg
478,925.23,3172.8,198.07,20641,1843.45,이중섭미술관,이중섭 미술관_282_37955918.jpg
479,514.02,3667.23,631.82,20641,2230.51,이중섭미술관,이중섭 미술관_286_37955921.jpg
480,630.84,3322.44,650.48,20641,2012.43,이중섭미술관,이중섭 미술관_300_37955932.jpg
481,672.9,3503.67,529.21,20641,1885.43,이중섭미술관,이중섭 미술관_302_37955935.jpg
482,0,4608.0,0,20832,2592.0,제주돌문화공원,제주 돌문화공원_094_42022875.jpg
483,0,4608.0,0,20832,2592.0,제주돌문화공원,제주 돌문화공원_112_42022905.jpg
484,0,4608.0,0,20832,2592.0,제주돌문화공원,제주 돌문화공원_124_42022926.jpg
485,0,4608.0,0,20832,2592.0,제주돌문화공원,제주 돌문화공원_155_42022975.jpg
486,0,4608.0,0,20832,2592.0,제주돌문화공원,제주 돌문화공원_164_42022986.jpg
487,0,4608.0,0,20832,2592.0,제주돌문화공원,제주 돌문화공원_172_42023000.jpg
488,0,4608.0,0,20832,2592.0,제주돌문화공원,제주 돌문화공원_173_42023002.jpg
489,0,4608.0,0,20832,2592.0,제주돌문화공원,제주 돌문화공원_179_42023008.jpg
490,0,4608.0,0,20832,2592.0,제주돌문화공원,제주 돌문화공원_182_42023011.jpg
491,0,4608.0,0,20832,2592.0,제주돌문화공원,제주 돌문화공원_191_42023023.jpg
492,0,4608.0,0,20832,2592.0,제주돌문화공원,제주 돌문화공원_225_42023072.jpg
493,0,4608.0,0,20832,2592.0,제주돌문화공원,제주 돌문화공원_237_42023091.jpg
494,0,4608.0,0,20832,2592.0,제주돌문화공원,제주 돌문화공원_240_42023096.jpg
495,0,4608.0,0,20832,2592.0,제주돌문화공원,제주 돌문화공원_251_42023107.jpg
496,0,4608.0,0,20832,2592.0,제주돌문화공원,제주 돌문화공원_256_42023115.jpg
497,0,4608.0,0,20832,2592.0,제주돌문화공원,제주 돌문화공원_263_42023126.jpg
498,0,4608.0,0,20832,2592.0,제주돌문화공원,제주 돌문화공원_275_42023145.jpg
499,0,4608.0,0,20832,2592.0,제주돌문화공원,제주 돌문화공원_279_42023155.jpg
500,0,4608.0,0,20832,2592.0,제주돌문화공원,제주 돌문화공원_286_42023165.jpg
501,0,4608.0,0,20832,2592.0,제주돌문화공원,제주 돌문화공원_294_42023173.jpg
502,0,4608.0,0,20832,2592.0,제주돌문화공원,제주 돌문화공원_303_42023184.jpg
503,0,4000.0,0,20680,2252.0,제주산방산탄산온천,제주 산방산탄산온천_089_41857311.jpg
504,0,4000.0,0,20680,2252.0,제주산방산탄산온천,제주 산방산탄산온천_111_41857333.jpg
505,0,4000.0,0,20680,2252.0,제주산방산탄산온천,제주 산방산탄산온천_190_41857380.jpg
506,0,4000.0,0,20680,2252.0,제주산방산탄산온천,제주 산방산탄산온천_205_41857403.jpg
507,0,4000.0,0,20680,2252.0,제주산방산탄산온천,제주 산방산탄산온천_244_41857461.jpg
508,0,4000.0,0,20680,2252.0,제주산방산탄산온천,제주 산방산탄산온천_255_41857473.jpg
509,0,4000.0,0,20680,2252.0,제주산방산탄산온천,제주 산방산탄산온천_265_41857487.jpg
510,0,4000.0,0,20680,2252.0,제주산방산탄산온천,제주 산방산탄산온천_267_41857488.jpg
511,0,4000.0,0,20680,2252.0,제주산방산탄산온천,제주 산방산탄산온천_274_41857501.jpg
512,0,4000.0,0,20680,2252.0,제주산방산탄산온천,제주 산방산탄산온천_277_41857503.jpg
513,0,4000.0,0,20680,2252.0,제주산방산탄산온천,제주 산방산탄산온천_280_41857507.jpg
514,0,4000.0,0,20680,2252.0,제주산방산탄산온천,제주 산방산탄산온천_289_41857530.jpg
515,0,4000.0,0,20680,2252.0,제주산방산탄산온천,제주 산방산탄산온천_337_41857590.jpg
516,0,4000.0,0,20680,2252.0,제주산방산탄산온천,제주 산방산탄산온천_355_41857623.jpg
517,0,4000.0,0,20680,2252.0,제주산방산탄산온천,제주 산방산탄산온천_360_41857634.jpg
518,0,4000.0,0,20680,2252.0,제주산방산탄산온천,제주 산방산탄산온천_363_41857640.jpg
519,0,4032.0,0,20864,2268.0,제주유리의성,제주유리의성_075_36738115.jpg
520,0,4032,0,20864,2268,제주유리의성,제주유리의성_090_36738148.jpg
521,0,4032.0,0,20864,2268.0,제주유리의성,제주유리의성_100_36738180.jpg
522,0,4032.0,0,20864,2268.0,제주유리의성,제주유리의성_126_36738238.jpg
523,0,4032.0,0,20864,2268.0,제주유리의성,제주유리의성_133_36738250.jpg
524,0,4032.0,0,20864,2268.0,제주유리의성,제주유리의성_140_36738264.jpg
525,0,4032.0,0,20864,2268.0,제주유리의성,제주유리의성_141_36738266.jpg
526,0,4032,0,20864,2268,제주유리의성,제주유리의성_146_36738287.jpg
527,0,4032.0,0,20864,2268.0,제주유리의성,제주유리의성_148_36738294.jpg
528,0,4032.0,0,20864,2268.0,제주유리의성,제주유리의성_150_36738297.jpg
529,0,4032.0,0,20864,2268.0,제주유리의성,제주유리의성_156_36738307.jpg
530,0,4032.0,0,20864,2268.0,제주유리의성,제주유리의성_184_36738386.jpg
531,0,4032,0,20864,2268,제주유리의성,제주유리의성_194_36738408.jpg
532,0,4032,0,20864,2268,제주유리의성,제주유리의성_197_36738413.jpg
533,0,4032.0,0,20864,2268.0,제주유리의성,제주유리의성_206_36738437.jpg
534,0,4032,0,20864,2268,제주유리의성,제주유리의성_210_36738448.jpg
535,0,4032.0,0,20864,2268.0,제주유리의성,제주유리의성_216_36738466.jpg
536,0,4032.0,0,20864,2268.0,제주유리의성,제주유리의성_222_36738479.jpg
537,0,4032.0,0,20864,2268.0,제주유리의성,제주유리의성_228_36738488.jpg
538,0,4032,0,20758,2268,제주절물자연휴양림,제주절물자연휴양림_044_43075251.jpg
539,0,4032,0,20758,2268,제주절물자연휴양림,제주절물자연휴양림_065_43075272.jpg
540,0,4032,0,20758,2268,제주절물자연휴양림,제주절물자연휴양림_069_43075276.jpg
541,0,4032,0,20758,2268,제주절물자연휴양림,제주절물자연휴양림_072_43075279.jpg
542,0,4032,0,20758,2268,제주절물자연휴양림,제주절물자연휴양림_091_43075298.jpg
543,0,4032,0,20758,2268,제주절물자연휴양림,제주절물자연휴양림_096_43075303.jpg
544,0,4032,0,20758,2268,제주절물자연휴양림,제주절물자연휴양림_097_43075304.jpg
545,0,4032,0,20758,2268,제주절물자연휴양림,제주절물자연휴양림_103_43075309.jpg
546,0,4032,0,20758,2268,제주절물자연휴양림,제주절물자연휴양림_105_43075311.jpg
547,0,4032,0,20758,2268,제주절물자연휴양림,제주절물자연휴양림_115_43075320.jpg
548,0.75,4608.0,650.79,20701,2592.0,주상절리대(대포동지삿개),주상절리대_326_42385150.jpg
549,0,4608.0,168.93,20701,2592.0,주상절리대(대포동지삿개),주상절리대_350_42385168.jpg
550,0,4608.0,0,20701,2592.0,주상절리대(대포동지삿개),주상절리대_355_42385171.jpg
551,0,4608.0,547.16,20701,2592.0,주상절리대(대포동지삿개),주상절리대_361_42385175.jpg
552,0.75,4608.0,176.41,20701,2592.0,주상절리대(대포동지삿개),주상절리대_364_42385178.jpg
553,0,4608.0,561.05,20701,2592.0,주상절리대(대포동지삿개),주상절리대_365_42385179.jpg
554,0,4608.0,0,20701,2592.0,주상절리대(대포동지삿개),주상절리대_391_42385197.jpg
555,0,4608.0,452.07,20701,2592.0,주상절리대(대포동지삿개),주상절리대_396_42385200.jpg
556,0,4032,0,23253,2268,청수곶자왈,청수곶자왈_074_0.jpg
557,0,4032,0,23253,2268,청수곶자왈,청수곶자왈_089_0.jpg
558,0,4032,0,23253,2268,청수곶자왈,청수곶자왈_099_0.jpg
559,0,4032,0,23253,2268,청수곶자왈,청수곶자왈_125_0.jpg
560,0,4032,0,23253,2268,청수곶자왈,청수곶자왈_132_0.jpg
561,0,4032,0,23253,2268,청수곶자왈,청수곶자왈_139_0.jpg
562,0,4032,0,23253,2268,청수곶자왈,청수곶자왈_140_0.jpg
563,0,4032,0,23253,2268,청수곶자왈,청수곶자왈_145_0.jpg
564,0,4032,0,23253,2268,청수곶자왈,청수곶자왈_147_0.jpg
565,0,4032,0,23253,2268,청수곶자왈,청수곶자왈_155_0.jpg
566,0,4032,0,23253,2268,청수곶자왈,청수곶자왈_183_0.jpg
567,0,4032,0,23253,2268,청수곶자왈,청수곶자왈_193_0.jpg
568,0,4032,0,23253,2268,청수곶자왈,청수곶자왈_196_0.jpg
569,0,4032,0,23253,2268,청수곶자왈,청수곶자왈_205_0.jpg
570,0,4032,0,23253,2268,청수곶자왈,청수곶자왈_209_0.jpg
571,0,4032,0,23253,2268,청수곶자왈,청수곶자왈_215_0.jpg
572,0,4032,0,23253,2268,청수곶자왈,청수곶자왈_221_0.jpg
573,0,4032,0,23253,2268,청수곶자왈,청수곶자왈_227_0.jpg
574,0,4032,0,23253,2268,청수곶자왈,청수곶자왈_228_0.jpg
575,1703.27,2236.87,2029.55,20685,2194.46,카멜리아힐,카멜리아힐_112_41857773.jpg
576,1455.22,2093.91,1843.26,20685,1997.51,카멜리아힐,카멜리아힐_134_41857807.jpg
577,1349.71,2017.22,1737.26,20685,1892.91,카멜리아힐,카멜리아힐_149_41857824.jpg
578,1163.33,1958.6799999999998,1984.05,20685,2242.0099999999998,카멜리아힐,카멜리아힐_188_41857880.jpg
579,1748.62,2302.46,1575.62,20685,1872.77,카멜리아힐,카멜리아힐_199_41857896.jpg
580,1857.94,2376.02,1594.09,20685,1956.84,카멜리아힐,카멜리아힐_209_41857915.jpg
581,1835.59,2968.73,1260.96,20685,1701.3200000000002,카멜리아힐,카멜리아힐_211_41857916.jpg
582,451.21,4415.72,571.35,20685,1662.5700000000002,카멜리아힐,카멜리아힐_218_41857932.jpg
583,1915.95,2347.71,1679.88,20685,2053.62,카멜리아힐,카멜리아힐_221_41857934.jpg
584,1935.6,2352.44,1501.33,20685,1855.81,카멜리아힐,카멜리아힐_224_41857941.jpg
585,320.77,3330.47,1328.96,20685,2059.27,카멜리아힐,카멜리아힐_233_41857964.jpg
586,3367.53,4283.41,1454.81,20685,1678.5,카멜리아힐,카멜리아힐_292_41858027.jpg
587,0,4608.0,704.98,20685,2021.99,카멜리아힐,카멜리아힐_314_41858055.jpg
588,464.99,3148.58,741.57,20685,2053.55,카멜리아힐,카멜리아힐_323_41858069.jpg
589,478.49,3647.12,608.46,20685,1720.46,카멜리아힐,카멜리아힐_341_41858085.jpg
590,647.18,2986.69,988.41,20685,2111.41,카멜리아힐,카멜리아힐_343_41858094.jpg
591,0,4000.0,30.75,20716,2252.0,한라산영실,한라산 영실_152_39290520.jpg
592,0,4000.0,261.55,20716,1918.59,한라산영실,한라산 영실_164_39290555.jpg
593,1781.49,1924.48,1445.89,20716,1784.7600000000002,한라산영실,한라산 영실_189_39290661.jpg
594,0,4000.0,451.22,20716,2252.0,한라산영실,한라산 영실_215_39290760.jpg
595,2493.94,2765.5,1650.6,20716,1971.52,한라산영실,한라산 영실_221_39290784.jpg
596,2613.03,3887.83,1012.56,20716,1728.38,한라산영실,한라산 영실_229_39290823.jpg
597,0,4000.0,0,20716,2252.0,한라산영실,한라산 영실_230_39290824.jpg
598,0.88,4000.0,273.1,20716,1634.3000000000002,한라산영실,한라산 영실_235_39290835.jpg
599,0,4000.0,0,20716,2252.0,한라산영실,한라산 영실_237_39290838.jpg
600,0,4000.0,87.93,20716,1935.5700000000002,한라산영실,한라산 영실_239_39290842.jpg
601,388.38,3528.44,1704.23,20716,2252.0,한라산영실,한라산 영실_245_39290855.jpg
602,1593.05,1838.82,1560.87,20716,1791.7099999999998,한라산영실,한라산 영실_268_39290941.jpg
603,1990.65,4000.0,440.6,20716,1512.31,한라산영실,한라산 영실_301_39291025.jpg
604,9.19,4000.0,8.64,20716,2252.0,한라산영실,한라산 영실_308_39291053.jpg
605,0.85,4000.0,15.3,20716,2252.0,한라산영실,한라산 영실_310_39291056.jpg
606,1974.25,2591.93,1119,20716,1965.13,한라산영실,한라산 영실_311_39291057.jpg
607,0,4000.0,0,20716,2065.97,한라산영실,한라산 영실_318_39291085.jpg
608,2421.99,2744.24,985.32,20716,1654.7,한라산영실,한라산 영실_327_39291121.jpg
609,0,3970.81,301.18,20716,2235.68,한라산영실,한라산 영실_335_39291139.jpg
610,0,4000.0,2.19,20716,2252.0,한라산영실,한라산 영실_343_39291177.jpg
611,0,4000.0,0,20716,2252.0,한라산영실,한라산 영실_351_39291193.jpg
612,0,4000.0,6.85,20716,2252.0,한라산영실,한라산 영실_362_39291237.jpg
613,0,3959.32,62.86,20716,2199.23,한라산영실,한라산 영실_371_39291266.jpg
614,2078.16,2315.8399999999997,1473.31,20716,1780.08,한라산영실,한라산 영실_374_39291275.jpg
615,0,4000.0,0,20716,1582.27,한라산영실,한라산 영실_376_39291287.jpg
616,1043.19,1442.19,1123.63,20716,1541.8700000000001,한라산영실,한라산 영실_388_39291338.jpg
617,0,4000.0,0,20716,1632.96,한라산영실,한라산 영실_394_39291355.jpg
618,0,4608,0,20881,2592,한림공원,한림공원_083_42632499.jpg
619,0,4608,0,20881,2592,한림공원,한림공원_094_42632510.jpg
620,0,4032,0,20881,2268,한림공원,한림공원_146_42632562.jpg
621,0,4032,0,20881,2268,한림공원,한림공원_151_42632567.jpg
622,0,4608,0,20881,2592,한림공원,한림공원_156_42632572.jpg
623,0,4608,0,20881,2592,한림공원,한림공원_169_42632585.jpg
624,0,4608,0,20881,2592,한림공원,한림공원_170_42632586.jpg
625,0,4608,0,20881,2592,한림공원,한림공원_171_42632587.jpg
626,0,4608,0,20881,2592,한림공원,한림공원_175_42632591.jpg
627,0,4608,0,20881,2592,한림공원,한림공원_196_42632612.jpg
628,0,4608,0,20881,2592,한림공원,한림공원_224_42632640.jpg
629,0,4608,0,20881,2592,한림공원,한림공원_229_42632645.jpg
630,0,4608,0,20881,2592,한림공원,한림공원_237_42632653.jpg
631,0,4608,0,20881,2592,한림공원,한림공원_238_42632654.jpg
632,0,4608,0,20881,2592,한림공원,한림공원_245_42632661.jpg
633,0,4608,0,20881,2592,한림공원,한림공원_251_42632667.jpg
634,0,4608,0,20881,2592,한림공원,한림공원_253_42632669.jpg
635,0,4608,0,20881,2592,한림공원,한림공원_254_42632670.jpg
636,0,4608,0,20881,2592,한림공원,한림공원_255_42632671.jpg
637,0,4608,0,20881,2592,한림공원,한림공원_263_42632679.jpg
638,0,4608,0,20881,2592,한림공원,한림공원_267_42632683.jpg
639,0,4608,0,20881,2592,한림공원,한림공원_271_42632687.jpg
640,0,4608,0,20881,2592,한림공원,한림공원_272_42632688.jpg
641,0,4608,0,20881,2592,한림공원,한림공원_277_42632693.jpg
642,0,4608,0,20881,2592,한림공원,한림공원_294_42632710.jpg
643,0,4608,0,20881,2592,한림공원,한림공원_297_42632713.jpg
644,0,4608,0,20881,2592,한림공원,한림공원_309_42632725.jpg
645,0,4032,0,20850,2268,함덕해수욕장,함덕해수욕장_068_42555461.jpg
646,0,4032,0,20850,2268,함덕해수욕장,함덕해수욕장_083_42555476.jpg
647,0,4032,0,20850,2268,함덕해수욕장,함덕해수욕장_093_42555486.jpg
648,0,4032,0,20850,2268,함덕해수욕장,함덕해수욕장_119_42555512.jpg
649,0,4032,0,20850,2268,함덕해수욕장,함덕해수욕장_126_42555519.jpg
650,0,4032,0,20850,2268,함덕해수욕장,함덕해수욕장_133_42555526.jpg
651,0,4032,0,20850,2268,함덕해수욕장,함덕해수욕장_134_42555527.jpg
652,0,4032,0,20850,2268,함덕해수욕장,함덕해수욕장_139_42555533.jpg
653,0,4032,0,20850,2268,함덕해수욕장,함덕해수욕장_141_42555535.jpg
654,0,4032,0,20850,2268,함덕해수욕장,함덕해수욕장_143_42555537.jpg
655,0,4032,0,20850,2268,함덕해수욕장,함덕해수욕장_149_42555543.jpg
656,0,4032,0,20850,2268,함덕해수욕장,함덕해수욕장_177_42555571.jpg
657,0,4032,0,20850,2268,함덕해수욕장,함덕해수욕장_187_42555581.jpg
658,0,4032,0,20850,2268,함덕해수욕장,함덕해수욕장_190_42555584.jpg
659,0,4032,0,20850,2268,함덕해수욕장,함덕해수욕장_198_42555592.jpg
660,0,4032,0,20850,2268,함덕해수욕장,함덕해수욕장_199_42555593.jpg
661,0,4000,0,20883,2252,협재굴(한림공원),협재굴(한림공원)_083_42634782.jpg
662,0,4000,0,20883,2252,협재굴(한림공원),협재굴(한림공원)_094_42634793.jpg
663,0,4000,0,20883,2252,협재굴(한림공원),협재굴(한림공원)_146_42634845.jpg
664,0,4000,0,20883,2252,협재굴(한림공원),협재굴(한림공원)_151_42634850.jpg
665,0,4000,0,20883,2252,협재굴(한림공원),협재굴(한림공원)_156_42634855.jpg
666,0,4000,0,20883,2252,협재굴(한림공원),협재굴(한림공원)_169_42634868.jpg
667,0,4000,0,20883,2252,협재굴(한림공원),협재굴(한림공원)_170_42634869.jpg
668,0,4000,0,20883,2252,협재굴(한림공원),협재굴(한림공원)_171_42634870.jpg
669,0,4000,0,20883,2252,협재굴(한림공원),협재굴(한림공원)_175_42634874.jpg
670,0,4000,0,20883,2252,협재굴(한림공원),협재굴(한림공원)_196_42634895.jpg
671,0,4000,0,20883,2252,협재굴(한림공원),협재굴(한림공원)_224_42634923.jpg
672,0,4000,0,20883,2252,협재굴(한림공원),협재굴(한림공원)_229_42634928.jpg
673,0,4000,0,20883,2252,협재굴(한림공원),협재굴(한림공원)_237_42634936.jpg
674,0,4000,0,20883,2252,협재굴(한림공원),협재굴(한림공원)_238_42634937.jpg
675,0,4000,0,20883,2252,협재굴(한림공원),협재굴(한림공원)_245_42634944.jpg
676,0,4000,0,20883,2252,협재굴(한림공원),협재굴(한림공원)_251_42634950.jpg
677,0,4000,0,20883,2252,협재굴(한림공원),협재굴(한림공원)_253_42634952.jpg
678,0,4000,0,20883,2252,협재굴(한림공원),협재굴(한림공원)_254_42634953.jpg
679,0,4000,0,20883,2252,협재굴(한림공원),협재굴(한림공원)_255_42634954.jpg
680,0,4000,0,20883,2252,협재굴(한림공원),협재굴(한림공원)_263_42634962.jpg
681,0,4000,0,20883,2252,협재굴(한림공원),협재굴(한림공원)_267_42634966.jpg
682,0,4000,0,20883,2252,협재굴(한림공원),협재굴(한림공원)_271_42634970.jpg
683,0,4000,0,20883,2252,협재굴(한림공원),협재굴(한림공원)_272_42634971.jpg
684,0,4000,0,20883,2252,협재굴(한림공원),협재굴(한림공원)_277_42634976.jpg
685,0,4000,0,20883,2252,협재굴(한림공원),협재굴(한림공원)_294_42634993.jpg
686,0,4000,0,20883,2252,협재굴(한림공원),협재굴(한림공원)_297_42634996.jpg
687,0,4000,0,20883,2252,협재굴(한림공원),협재굴(한림공원)_309_42635008.jpg
688,0,4032.0,0,20884,2268.0,협재해변,협재해변_072_37433010.jpg
689,0,4032.0,0,20884,2268.0,협재해변,협재해변_084_37433024.jpg
690,0,4032.0,0,20884,2268.0,협재해변,협재해변_100_37433042.jpg
691,0,4032.0,0,20884,2268.0,협재해변,협재해변_113_37433054.jpg
692,0,4032.0,0,20884,2268.0,협재해변,협재해변_144_37433090.jpg
693,0,4032.0,0,20884,2268.0,협재해변,협재해변_151_37433098.jpg
694,0,4032.0,0,20884,2268.0,협재해변,협재해변_158_37433106.jpg
695,0,4032.0,0,20884,2268.0,협재해변,협재해변_159_37433108.jpg
696,0,4032.0,0,20884,2268.0,협재해변,협재해변_164_37433113.jpg
697,0,4032.0,0,20884,2268.0,협재해변,협재해변_166_37433115.jpg
698,0,4032.0,0,20884,2268.0,협재해변,협재해변_168_37433118.jpg
699,0,4032.0,0,20884,2268.0,협재해변,협재해변_174_37433125.jpg
700,0,4032.0,0,20884,2268.0,협재해변,협재해변_198_37433151.jpg
701,0,4032.0,0,20884,2268.0,협재해변,협재해변_205_37433158.jpg
702,0,4032.0,0,20884,2268.0,협재해변,협재해변_216_37433170.jpg
703,0,4032.0,0,20884,2268.0,협재해변,협재해변_219_37433174.jpg
704,0,4032.0,0,20884,2268.0,협재해변,협재해변_229_37433180.jpg
705,0,4000.0,0,20651,2252.0,황우지해안,황우지해안_143_37961826.jpg
706,0,4000.0,0,20651,2252.0,황우지해안,황우지해안_174_37961854.jpg
707,0,4000.0,0,20651,2252.0,황우지해안,황우지해안_193_37961867.jpg
708,0,4000.0,0,20651,2252.0,황우지해안,황우지해안_253_37961900.jpg
709,0,4000.0,0,20651,2252.0,황우지해안,황우지해안_271_37961907.jpg
710,0,4000.0,0,20651,2252.0,황우지해안,황우지해안_288_37961916.jpg
711,0,4000.0,0,20651,2252.0,황우지해안,황우지해안_291_37961919.jpg
712,0,4000.0,0,20651,2252.0,황우지해안,황우지해안_301_37961926.jpg
713,0,4000.0,0,20651,2252.0,황우지해안,황우지해안_306_37961929.jpg
714,0,4000.0,0,20651,2252.0,황우지해안,황우지해안_308_37961932.jpg
715,0,4000.0,0,20651,2252.0,황우지해안,황우지해안_321_37961938.jpg
716,0,4000.0,0,20651,2252.0,황우지해안,황우지해안_378_37961976.jpg
717,0,4000.0,0,20651,2252.0,황우지해안,황우지해안_398_37961989.jpg
718,0,4000.0,0,20651,2252.0,황우지해안,황우지해안_408_37961994.jpg
719,0,4000.0,0,20651,2252.0,황우지해안,황우지해안_436_37962004.jpg
720,0,4000.0,0,20651,2252.0,황우지해안,황우지해안_451_37962008.jpg
721,0,4000.0,0,20651,2252.0,황우지해안,황우지해안_468_37962020.jpg
722,0,4000.0,0,20651,2252.0,황우지해안,황우지해안_481_37962029.jpg
723,0,4608.0,0,20595,2592.0,휴애리자연생활공원,휴애리자연생활공원_093_39295587.jpg
724,0,4608.0,0,20595,2592.0,휴애리자연생활공원,휴애리자연생활공원_113_39295653.jpg
725,0,4608.0,0,20595,2592.0,휴애리자연생활공원,휴애리자연생활공원_140_39295710.jpg
726,0,4608.0,0,20595,2592.0,휴애리자연생활공원,휴애리자연생활공원_160_39295744.jpg
727,0,4608.0,0,20595,2592.0,휴애리자연생활공원,휴애리자연생활공원_206_39295826.jpg
728,0,4608.0,0,20595,2592.0,휴애리자연생활공원,휴애리자연생활공원_218_39295848.jpg
729,0,4608.0,0,20595,2592.0,휴애리자연생활공원,휴애리자연생활공원_231_39295862.jpg
730,0,4608.0,0,20595,2592.0,휴애리자연생활공원,휴애리자연생활공원_233_39295863.jpg
731,0,4608.0,0,20595,2592.0,휴애리자연생활공원,휴애리자연생활공원_244_39295886.jpg
732,0,4608.0,0,20595,2592.0,휴애리자연생활공원,휴애리자연생활공원_247_39295891.jpg
733,0,4608.0,0,20595,2592.0,휴애리자연생활공원,휴애리자연생활공원_251_39295899.jpg
734,0,4608.0,0,20595,2592.0,휴애리자연생활공원,휴애리자연생활공원_260_39295929.jpg
735,0,4608.0,0,20595,2592.0,휴애리자연생활공원,휴애리자연생활공원_313_39296015.jpg
736,0,4608.0,0,20595,2592.0,휴애리자연생활공원,휴애리자연생활공원_328_39296042.jpg
737,0,4608.0,0,20595,2592.0,휴애리자연생활공원,휴애리자연생활공원_331_39296053.jpg
738,0,4608.0,0,20595,2592.0,휴애리자연생활공원,휴애리자연생활공원_341_39296080.jpg
739,0,4608.0,0,20595,2592.0,휴애리자연생활공원,휴애리자연생활공원_344_39296085.jpg
