,bBoxW,bBoxH,bBoxX,width,height,categoryId,bBoxY,fileName,categoryName
0,4000,2252,0,4000,2252,20813,0,검멀레동굴 _105_42469398.jpg,검멀레동굴
1,4000,2252,0,4000,2252,20813,0,검멀레동굴 _131_42469424.jpg,검멀레동굴
2,4000,2252,0,4000,2252,20813,0,검멀레동굴 _134_42469427.jpg,검멀레동굴
3,4000,2252,0,4000,2252,20813,0,검멀레동굴 _144_42469437.jpg,검멀레동굴
4,4000,2252,0,4000,2252,20813,0,검멀레동굴 _164_42469457.jpg,검멀레동굴
5,4000,2252,0,4000,2252,20813,0,검멀레동굴 _178_42469471.jpg,검멀레동굴
6,4000,2252,0,4000,2252,20813,0,검멀레동굴 _180_42469473.jpg,검멀레동굴
7,4000,2252,0,4000,2252,20813,0,검멀레동굴 _181_42469474.jpg,검멀레동굴
8,4000,2252,0,4000,2252,20813,0,검멀레동굴 _190_42469483.jpg,검멀레동굴
9,4000,2252,0,4000,2252,20813,0,검멀레동굴 _191_42469484.jpg,검멀레동굴
10,4000,2252,0,4000,2252,20813,0,검멀레동굴 _204_42469497.jpg,검멀레동굴
11,4000,2252,0,4000,2252,20813,0,검멀레동굴 _218_42469511.jpg,검멀레동굴
12,4000,2252,0,4000,2252,20813,0,검멀레동굴 _232_42469525.jpg,검멀레동굴
13,4000,2252,0,4000,2252,20813,0,검멀레동굴 _238_42469531.jpg,검멀레동굴
14,4000,2252,0,4000,2252,20813,0,검멀레동굴 _319_42469535.jpg,검멀레동굴
15,4032,2268,0,4032,2268,20773,0,곽지해수욕장_046_42707368.jpg,곽지해수욕장
16,4032,2268,0,4032,2268,20773,0,곽지해수욕장_072_42707394.jpg,곽지해수욕장
17,4032,2268,0,4032,2268,20773,0,곽지해수욕장_085_42707407.jpg,곽지해수욕장
18,4032,2268,0,4032,2268,20773,0,곽지해수욕장_093_42707415.jpg,곽지해수욕장
19,4032,2268,0,4032,2268,20773,0,곽지해수욕장_105_42707427.jpg,곽지해수욕장
20,4032,2268,0,4032,2268,20773,0,곽지해수욕장_109_42707431.jpg,곽지해수욕장
21,4032,2268,0,4032,2268,20773,0,곽지해수욕장_121_42707443.jpg,곽지해수욕장
22,4032,2268,0,4032,2268,20773,0,곽지해수욕장_122_42707444.jpg,곽지해수욕장
23,4032,2268,0,4032,2268,20773,0,곽지해수욕장_131_42707453.jpg,곽지해수욕장
24,4032,2268,0,4032,2268,20773,0,곽지해수욕장_132_42707454.jpg,곽지해수욕장
25,4032,2268,0,4032,2268,20773,0,곽지해수욕장_145_42707467.jpg,곽지해수욕장
26,4032,2268,0,4032,2268,20773,0,곽지해수욕장_159_42707481.jpg,곽지해수욕장
27,4032,2268,0,4032,2268,20773,0,곽지해수욕장_171_42707493.jpg,곽지해수욕장
28,4032,2268,0,4032,2268,20773,0,곽지해수욕장_175_42707497.jpg,곽지해수욕장
29,4032,2268,0,4032,2268,20773,0,곽지해수욕장_181_42707503.jpg,곽지해수욕장
30,26217.0,0.0,0,26217,0,20885,0,금능으뜸원해변_055_36735533.jpg,금능으뜸원해변
31,4032,2268,0,4032,2268,20885,0,금능으뜸원해변_083_36735573.jpg,금능으뜸원해변
32,4032.0,2268.0,0,4032,2268,20885,0,금능으뜸원해변_096_36735596.jpg,금능으뜸원해변
33,4032,2268,0,4032,2268,20885,0,금능으뜸원해변_105_36735607.jpg,금능으뜸원해변
34,4032.0,2268.0,0,4032,2268,20885,0,금능으뜸원해변_117_36735628.jpg,금능으뜸원해변
35,4032.0,2268.0,0,4032,2268,20885,0,금능으뜸원해변_122_36735635.jpg,금능으뜸원해변
36,4032,2268,0,4032,2268,20885,0,금능으뜸원해변_137_36735659.jpg,금능으뜸원해변
37,4032,2268,0,4032,2268,20885,0,금능으뜸원해변_138_36735660.jpg,금능으뜸원해변
38,4032.0,2268.0,0,4032,2268,20885,0,금능으뜸원해변_149_36735679.jpg,금능으뜸원해변
39,4032,2268,0,4032,2268,20885,0,금능으뜸원해변_150_36735680.jpg,금능으뜸원해변
40,4032,2268,0,4032,2268,20885,0,금능으뜸원해변_167_36735708.jpg,금능으뜸원해변
41,4032,2268,0,4032,2268,20885,0,금능으뜸원해변_184_36735727.jpg,금능으뜸원해변
42,4032.0,2268.0,0,4032,2268,20885,0,금능으뜸원해변_201_36735750.jpg,금능으뜸원해변
43,4032.0,2268.0,0,4032,2268,20885,0,금능으뜸원해변_205_36735759.jpg,금능으뜸원해변
44,4032.0,2268.0,0,4032,2268,20885,0,금능으뜸원해변_211_36735765.jpg,금능으뜸원해변
45,4032,2268,0,4032,2268,20733,0,김녕미로공원_033_43073439.jpg,김녕미로공원
46,4032,2268,0,4032,2268,20733,0,김녕미로공원_038_43073444.jpg,김녕미로공원
47,4032,2268,0,4032,2268,20733,0,김녕미로공원_051_43073457.jpg,김녕미로공원
48,4032,2268,0,4032,2268,20733,0,김녕미로공원_064_43073470.jpg,김녕미로공원
49,4032,2268,0,4032,2268,20733,0,김녕미로공원_075_43073481.jpg,김녕미로공원
50,4032,2268,0,4032,2268,20733,0,김녕미로공원_076_43073482.jpg,김녕미로공원
51,4032,2268,0,4032,2268,20733,0,김녕미로공원_079_43073485.jpg,김녕미로공원
52,4032,2268,0,4032,2268,20733,0,김녕미로공원_089_43073495.jpg,김녕미로공원
53,4032,2268,0,4032,2268,20733,0,김녕미로공원_110_43073516.jpg,김녕미로공원
54,4032,2268,0,4032,2268,20732,0,김녕성세가해변(김녕해수욕장)_033_43073559.jpg,김녕성세기해변(김녕해수욕장)
55,4032,2268,0,4032,2268,20732,0,김녕성세가해변(김녕해수욕장)_038_43073564.jpg,김녕성세기해변(김녕해수욕장)
56,4032,2268,0,4032,2268,20732,0,김녕성세가해변(김녕해수욕장)_051_43073577.jpg,김녕성세기해변(김녕해수욕장)
57,4032,2268,0,4032,2268,20732,0,김녕성세가해변(김녕해수욕장)_064_43073590.jpg,김녕성세기해변(김녕해수욕장)
58,4032,2268,0,4032,2268,20732,0,김녕성세가해변(김녕해수욕장)_075_43073601.jpg,김녕성세기해변(김녕해수욕장)
59,4032,2268,0,4032,2268,20732,0,김녕성세가해변(김녕해수욕장)_076_43073602.jpg,김녕성세기해변(김녕해수욕장)
60,4032,2268,0,4032,2268,20732,0,김녕성세가해변(김녕해수욕장)_079_43073605.jpg,김녕성세기해변(김녕해수욕장)
61,4032,2268,0,4032,2268,20732,0,김녕성세가해변(김녕해수욕장)_089_43073615.jpg,김녕성세기해변(김녕해수욕장)
62,4032,2268,0,4032,2268,20732,0,김녕성세가해변(김녕해수욕장)_110_43073636.jpg,김녕성세기해변(김녕해수욕장)
63,4193.06,1587.47,0,4608,2592,20660,1109.77,김영갑갤러리(두모악)_067_42469973.jpg,김영갑갤러리(두모악)
64,4126.0,1528.1599999999999,0,4608,2592,20660,1008.1,김영갑갤러리(두모악)_072_42469978.jpg,김영갑갤러리(두모악)
65,4248.95,1604.42,0,4608,2592,20660,1048.16,김영갑갤러리(두모악)_102_42469991.jpg,김영갑갤러리(두모악)
66,3714.67,2176.32,209.86,4608,2592,20660,71.88,김영갑갤러리(두모악)_127_42470015.jpg,김영갑갤러리(두모악)
67,4058.3,2108.5299999999997,504.24,4608,2592,20660,12.58,김영갑갤러리(두모악)_128_42470016.jpg,김영갑갤러리(두모악)
68,4608.0,2592.0,824.98,4608,2592,20660,0,김영갑갤러리(두모악)_132_42470019.jpg,김영갑갤러리(두모악)
69,3915.14,2221.5,585.31,4608,2592,20660,819.2,김영갑갤러리(두모악)_142_42470029.jpg,김영갑갤러리(두모악)
70,4550.41,2125.48,1052.53,4608,2592,20660,561.28,김영갑갤러리(두모악)_156_42470043.jpg,김영갑갤러리(두모악)
71,3148.48,1552.29,1067.48,4000,2252,21148,1193.68,너븐숭이 4.3기념관_108_42059677.jpg,너븐숭이4.3기념관
72,3684.82,1974.8899999999999,407.61,4000,2252,21148,747.65,너븐숭이 4.3기념관_128_42059690.jpg,너븐숭이4.3기념관
73,3521.1099999999997,2215.16,1062.97,4000,2252,21148,1245.13,너븐숭이 4.3기념관_166_42059705.jpg,너븐숭이4.3기념관
74,3509.74,1885.6599999999999,975.37,4000,2252,21148,909.03,너븐숭이 4.3기념관_189_42059719.jpg,너븐숭이4.3기념관
75,3481.87,1544.66,1014.45,4000,2252,21148,511.28,너븐숭이 4.3기념관_202_42059727.jpg,너븐숭이4.3기념관
76,3138.8199999999997,1644.72,1275.78,4000,2252,21148,890.73,너븐숭이 4.3기념관_224_42059739.jpg,너븐숭이4.3기념관
77,3076.21,1202.63,1047.37,4000,2252,21148,423.67,너븐숭이 4.3기념관_230_42059743.jpg,너븐숭이4.3기념관
78,3011.48,2001.9699999999998,532.92,4000,2252,21148,1272.37,너븐숭이 4.3기념관_252_42059755.jpg,너븐숭이4.3기념관
79,2946.8,1645.0900000000001,1186.04,4000,2252,21148,944.89,너븐숭이 4.3기념관_253_42059756.jpg,너븐숭이4.3기념관
80,3093.4700000000003,1807.27,1032.71,4000,2252,21148,1032.92,너븐숭이 4.3기념관_268_42059766.jpg,너븐숭이4.3기념관
81,3028.9700000000003,1409.8400000000001,1298.44,4000,2252,21148,725.47,너븐숭이 4.3기념관_271_42059767.jpg,너븐숭이4.3기념관
82,2995.94,1596.97,1357.79,4000,2252,21148,999.27,너븐숭이 4.3기념관_290_42059781.jpg,너븐숭이4.3기념관
83,2882.56,1135.82,1255.54,4000,2252,21148,805.91,너븐숭이 4.3기념관_294_42059782.jpg,너븐숭이4.3기념관
84,3006.97,1515.44,921.37,4000,2252,21148,648.81,너븐숭이 4.3기념관_316_42059798.jpg,너븐숭이4.3기념관
85,2899.2799999999997,1829.26,1094.34,4000,2252,21148,1145.56,너븐숭이 4.3기념관_338_42059812.jpg,너븐숭이4.3기념관
86,3204.92,1825.76,803.74,4000,2252,21148,976.95,너븐숭이 4.3기념관_376_42059837.jpg,너븐숭이4.3기념관
87,3092.86,1724.17,670.56,4000,2252,21148,837.87,너븐숭이 4.3기념관_380_42059838.jpg,너븐숭이4.3기념관
88,3313.0699999999997,1886.48,943.93,4000,2252,21148,976.95,너븐숭이 4.3기념관_391_42059845.jpg,너븐숭이4.3기념관
89,4573.67,2273.82,36.93,4608,2592,20901,822.34,동백포레스트_072_41628583.jpg,동백포레스트
90,4608.0,1905.0700000000002,4.62,4608,2592,20901,851.18,동백포레스트_098_41628596.jpg,동백포레스트
91,2775.26,1900.1,2185.21,4608,2592,20901,1366.86,동백포레스트_111_41628622.jpg,동백포레스트
92,2907.73,1839.42,2423.65,4608,2592,20901,1411.74,동백포레스트_119_41628314.jpg,동백포레스트
93,4608.0,2120.19,0,4608,2592,20901,1088.56,동백포레스트_131_41628628.jpg,동백포레스트
94,4608.0,2592.0,0,4608,2592,20901,1313.94,동백포레스트_135_41628636.jpg,동백포레스트
95,4553.3,2325.51,20.16,4608,2592,20901,1256.89,동백포레스트_147_41628346.jpg,동백포레스트
96,3050.05,1941.93,2477.38,4608,2592,20901,1528.16,동백포레스트_148_41628349.jpg,동백포레스트
97,4608.0,2157.85,8.05,4608,2592,20901,1253.94,동백포레스트_159_41628364.jpg,동백포레스트
98,4608.0,1990.3400000000001,0,4608,2592,20901,1101.98,동백포레스트_172_41628662.jpg,동백포레스트
99,4557.58,1947.12,0,4608,2592,20901,0,동백포레스트_186_41628687.jpg,동백포레스트
100,4101.46,2068.91,0,4608,2592,20901,813.51,동백포레스트_221_41628713.jpg,동백포레스트
101,4025.19,2047.6399999999999,0,4608,2592,20901,899.54,동백포레스트_223_41628717.jpg,동백포레스트
102,2817.3,1823.1599999999999,0,4608,2592,20901,837.31,동백포레스트_238_41628415.jpg,동백포레스트
103,2316.38,2030.9900000000002,540.35,4608,2592,20901,1233.89,동백포레스트_242_41628423.jpg,동백포레스트
104,3599.83,2119.9700000000003,451.64,4608,2592,20901,1023.83,동백포레스트_245_41628428.jpg,동백포레스트
105,4573.8,2537.96,0,4608,2592,20901,0,동백포레스트_257_41628441.jpg,동백포레스트
106,4608.0,2298.04,0,4608,2592,20901,1183.02,동백포레스트_272_41628758.jpg,동백포레스트
107,4129.33,2119.54,3.26,4608,2592,20901,891.66,동백포레스트_273_41628759.jpg,동백포레스트
108,4608.0,2592.0,1.54,4608,2592,20901,0,동백포레스트_274_41628760.jpg,동백포레스트
109,4608.0,2592.0,9.95,4608,2592,20901,1595.36,동백포레스트_282_41628458.jpg,동백포레스트
110,4608.0,2592.0,53.05,4608,2592,20901,1889.78,동백포레스트_289_41628771.jpg,동백포레스트
111,4608.0,2592.0,0,4608,2592,20901,1018,동백포레스트_293_41628776.jpg,동백포레스트
112,4608.0,2592.0,0,4608,2592,20901,1207.02,동백포레스트_296_41628470.jpg,동백포레스트
113,4608.0,2152.46,0,4608,2592,20901,1337.62,동백포레스트_302_41628483.jpg,동백포레스트
114,4608.0,1674.04,461.98,4608,2592,20901,786.6,동백포레스트_311_41628801.jpg,동백포레스트
115,2471.57,1669.33,1771.88,4032,2268,20910,684.9,마라도 기념비_031_42636878.jpg,마라도기념비
116,2810.06,1753.22,2404.12,4608,2592,20910,1175.2,마라도 기념비_036_42636883.jpg,마라도기념비
117,2824.4300000000003,2049.2799999999997,2375.17,4608,2592,20910,1350.51,마라도 기념비_049_42636896.jpg,마라도기념비
118,2553.64,1946.1,2104.29,4608,2592,20910,1324.1,마라도 기념비_073_42636922.jpg,마라도기념비
119,2738.65,1880.06,2289.28,4608,2592,20910,1251.48,마라도 기념비_074_42636923.jpg,마라도기념비
120,2685.32,1737.41,1968.44,4032,2268,20910,777.33,마라도 기념비_077_42636926.jpg,마라도기념비
121,2691.1,2138.3,1338.3,4032,2268,20910,361.4,마라도 기념비_087_42636936.jpg,마라도기념비
122,2608.31,1602.31,2336.71,4608,2592,20910,1180.57,마라도 기념비_110_42636959.jpg,마라도기념비
123,2740.01,1715.73,1516.28,4032,2268,20911,983.77,마라도 성당_031_42637300.jpg,마라도성당
124,2657.34,1767.52,1421.76,4032,2268,20911,1036.65,마라도 성당_036_42637305.jpg,마라도성당
125,3178.31,1928.9899999999998,762.06,4032,2268,20911,494.38,마라도 성당_049_42637318.jpg,마라도성당
126,2718.38,1516.47,1284.54,4032,2268,20911,690.57,마라도 성당_074_42637342.jpg,마라도성당
127,3223.8900000000003,1789.58,1644.73,4032,2268,20911,871.18,마라도 성당_075_42637343.jpg,마라도성당
128,3381.34,1406.15,1753.63,4032,2268,20911,449.61,마라도 성당_078_42637346.jpg,마라도성당
129,3022.9700000000003,1621.4,1333.13,4032,2268,20911,560.36,마라도 성당_088_42637356.jpg,마라도성당
130,2992.23,1958.85,1766.02,4608,2592,20911,1108.05,마라도 성당_111_42637379.jpg,마라도성당
131,4032,2268,0,4032,2268,20739,0,만장굴_033_43073920.jpg,만장굴
132,4032,2268,0,4032,2268,20739,0,만장굴_038_43073925.jpg,만장굴
133,4032,2268,0,4032,2268,20739,0,만장굴_051_43073938.jpg,만장굴
134,4032,2268,0,4032,2268,20739,0,만장굴_064_43073951.jpg,만장굴
135,4032,2268,0,4032,2268,20739,0,만장굴_075_43073962.jpg,만장굴
136,4032,2268,0,4032,2268,20739,0,만장굴_076_43073963.jpg,만장굴
137,4032,2268,0,4032,2268,20739,0,만장굴_079_43073966.jpg,만장굴
138,4032,2268,0,4032,2268,20739,0,만장굴_089_43073976.jpg,만장굴
139,4032,2268,0,4032,2268,20739,0,만장굴_110_43073997.jpg,만장굴
140,2949.51,1410.28,1581.73,4000,2252,21008,684.35,보롬왓_080_42470551.jpg,보롬왓
141,3101.75,1295.68,1653.09,4000,2252,21008,503.3,보롬왓_092_42470556.jpg,보롬왓
142,3038.57,1180.63,1505.14,4000,2252,21008,456.48,보롬왓_130_42470569.jpg,보롬왓
143,3135.69,1823.42,1530.67,4000,2252,21008,945.23,보롬왓_178_42470593.jpg,보롬왓
144,3161.18,1245.39,1566.35,4000,2252,21008,363.16,보롬왓_179_42470594.jpg,보롬왓
145,3017.66,1931.56,1642.99,4000,2252,21008,1214.74,보롬왓_186_42470597.jpg,보롬왓
146,3071.94,1718.53,1808.73,4000,2252,21008,994.31,보롬왓_206_42470607.jpg,보롬왓
147,2810.08,1893.4699999999998,1480.86,4000,2252,21008,1207.35,보롬왓_243_42470630.jpg,보롬왓
148,2126.59,1064.78,1834.38,4032,2268,21037,630.21,비자림_031_43074278.jpg,비자림
149,2500.93,1194.86,2205.18,4032,2268,21037,835.93,비자림_036_43074283.jpg,비자림
150,2487.89,1085.71,2202.02,4032,2268,21037,734.76,비자림_049_43074296.jpg,비자림
151,2220.83,985.3499999999999,1963.32,4032,2268,21037,548.28,비자림_073_43074320.jpg,비자림
152,1954.83,971.1999999999999,1684.53,4032,2268,21037,546.92,비자림_074_43074321.jpg,비자림
153,2426.15,1163.71,2173.79,4032,2268,21037,737.11,비자림_077_43074324.jpg,비자림
154,1734.1,1146.66,1480.32,4032,2268,21037,747.58,비자림_087_43074334.jpg,비자림
155,2082.57,1152.07,1837.38,4032,2268,21037,742,비자림_110_43074357.jpg,비자림
156,4608.0,2592.0,0,4608,2592,20829,0,사려니숲길_069_41633136.jpg,사려니숲길
157,4608.0,2592.0,0,4608,2592,20829,0,사려니숲길_081_41633162.jpg,사려니숲길
158,4608.0,2592.0,0,4608,2592,20829,0,사려니숲길_095_41633198.jpg,사려니숲길
159,4608.0,2592.0,0,4608,2592,20829,0,사려니숲길_109_41633229.jpg,사려니숲길
160,4608.0,2592.0,0,4608,2592,20829,0,사려니숲길_130_41633272.jpg,사려니숲길
161,4608.0,2592.0,0,4608,2592,20829,0,사려니숲길_146_41633303.jpg,사려니숲길
162,4608.0,2592.0,0,4608,2592,20829,0,사려니숲길_147_41633307.jpg,사려니숲길
163,4608.0,2592.0,0,4608,2592,20829,0,사려니숲길_156_41633331.jpg,사려니숲길
164,4608.0,2592.0,0,4608,2592,20829,0,사려니숲길_157_41633332.jpg,사려니숲길
165,4608.0,2592.0,0,4608,2592,20829,0,사려니숲길_169_41633352.jpg,사려니숲길
166,4608.0,2592.0,0,4608,2592,20829,0,사려니숲길_170_41633354.jpg,사려니숲길
167,4608.0,2592.0,0,4608,2592,20829,0,사려니숲길_184_41633384.jpg,사려니숲길
168,4608.0,2592.0,0,4608,2592,20829,0,사려니숲길_196_41633409.jpg,사려니숲길
169,4608.0,2592.0,0,4608,2592,20829,0,사려니숲길_220_41633467.jpg,사려니숲길
170,4608.0,2592.0,0,4608,2592,20829,0,사려니숲길_240_41633504.jpg,사려니숲길
171,4032.0,2268.0,0,4032,2268,20829,0,사려니숲길_242_41633508.jpg,사려니숲길
172,4032.0,2268.0,0,4032,2268,20829,0,사려니숲길_244_41633513.jpg,사려니숲길
173,4608.0,2592.0,0,4608,2592,20829,0,사려니숲길_259_41633540.jpg,사려니숲길
174,4032.0,2268.0,0,4032,2268,20829,0,사려니숲길_275_41633575.jpg,사려니숲길
175,4032.0,2268.0,0,4032,2268,20829,0,사려니숲길_276_41633577.jpg,사려니숲길
176,4032.0,2268.0,0,4032,2268,20829,0,사려니숲길_281_41633584.jpg,사려니숲길
177,4608.0,2592.0,0,4608,2592,20829,0,사려니숲길_298_41633627.jpg,사려니숲길
178,4608.0,2592.0,0,4608,2592,20829,0,사려니숲길_303_41633634.jpg,사려니숲길
179,4608.0,2592.0,0,4608,2592,20829,0,사려니숲길_306_41633639.jpg,사려니숲길
180,4608.0,1951.19,1595.39,4608,2592,20826,1265.5,산굼부리_072_42060478.jpg,산굼부리
181,1921.76,1754.85,1331.04,4608,2592,20826,1312.59,산굼부리_086_42060491.jpg,산굼부리
182,1435.0700000000002,1757.13,938.94,4608,2592,20826,1652.01,산굼부리_103_42060505.jpg,산굼부리
183,1331.46,1606.26,595.31,4608,2592,20826,1173.69,산굼부리_119_42060522.jpg,산굼부리
184,1393.15,1389.25,666.44,4608,2592,20826,1061.84,산굼부리_144_42060544.jpg,산굼부리
185,1158.46,1579.6100000000001,359.25,4608,2592,20826,1109.67,산굼부리_163_42060564.jpg,산굼부리
186,4608.0,1821.03,0,4608,2592,20826,363.52,산굼부리_164_42060565.jpg,산굼부리
187,4590.139999999999,2592.0,5.99,4608,2592,20826,530.62,산굼부리_176_42060575.jpg,산굼부리
188,4608.0,2039.95,2945.52,4608,2592,20826,0,산굼부리_177_42060576.jpg,산굼부리
189,4608.0,2592.0,0,4608,2592,20826,6.15,산굼부리_192_42060592.jpg,산굼부리
190,4608.0,2371.15,22.47,4608,2592,20826,45.89,산굼부리_193_42060593.jpg,산굼부리
191,1812.58,1694.4499999999998,1492.76,4608,2592,20826,1436.35,산굼부리_211_42060608.jpg,산굼부리
192,4571.76,1673.47,2490.46,4608,2592,20826,11.69,산굼부리_225_42060622.jpg,산굼부리
193,4608.0,2075.48,511.89,4608,2592,20826,831.38,산굼부리_254_42060647.jpg,산굼부리
194,2985.04,1522.82,2734.91,4608,2592,20826,1065.02,산굼부리_257_42060650.jpg,산굼부리
195,1837.58,1827.96,1491.81,4608,2592,20826,1482.02,산굼부리_271_42060664.jpg,산굼부리
196,1990.55,1650.58,1755,4608,2592,20826,1573.6,산굼부리_275_42060667.jpg,산굼부리
197,1727.9499999999998,1679.1,1304.33,4608,2592,20826,1577.32,산굼부리_277_42060669.jpg,산굼부리
198,4608.0,2017.4299999999998,522.61,4608,2592,20826,724.1,산굼부리_281_42060673.jpg,산굼부리
199,1804.9499999999998,1506.1100000000001,1307.1,4608,2592,20826,1374.47,산굼부리_288_42060679.jpg,산굼부리
200,4000.0,2245.9,1765.79,4000,2252,20649,1499.81,새섬 새연교_051_38861676.jpg,새섬새연교
201,2570.13,2118.7,1794.39,4000,2252,20649,1070.23,새섬 새연교_087_38861709.jpg,새섬새연교
202,4000.0,2252.0,1389.06,4000,2252,20649,1107.24,새섬 새연교_100_38861743.jpg,새섬새연교
203,4000.0,2252.0,1617.05,4000,2252,20649,1013.39,새섬 새연교_113_38861768.jpg,새섬새연교
204,4000.0,1892.23,1707.37,4000,2252,20649,1193.91,새섬 새연교_131_38861781.jpg,새섬새연교
205,4000.0,2252.0,1597.09,4000,2252,20649,1484.65,새섬 새연교_143_38861807.jpg,새섬새연교
206,4000.0,1800.01,1735.97,4000,2252,20649,846.9,새섬 새연교_147_38861815.jpg,새섬새연교
207,3520.73,1526.8600000000001,1678.73,4000,2252,20649,759.75,새섬 새연교_183_38861843.jpg,새섬새연교
208,3613.2299999999996,2052.89,1108.03,4000,2252,20649,1000.58,새섬 새연교_184_38861846.jpg,새섬새연교
209,4000.0,2252.0,1369.16,4000,2252,20649,860.35,새섬 새연교_195_38861868.jpg,새섬새연교
210,4000.0,2053.44,1348.07,4000,2252,20649,1067.18,새섬 새연교_196_38861869.jpg,새섬새연교
211,4000.0,2252.0,1674.24,4000,2252,20649,1437.61,새섬 새연교_209_38861905.jpg,새섬새연교
212,4000.0,2252.0,1313.57,4000,2252,20649,671.73,새섬 새연교_223_38861930.jpg,새섬새연교
213,3978.14,1297.26,1802.25,4000,2252,20649,969.96,새섬 새연교_240_38861957.jpg,새섬새연교
214,3439.13,1514.3600000000001,1896.45,4000,2252,20649,956.73,새섬 새연교_251_38861988.jpg,새섬새연교
215,3976.17,1823.0,1612.09,4000,2252,20649,813.93,새섬 새연교_259_38862001.jpg,새섬새연교
216,4000.0,2252.0,1523.36,4000,2252,20649,944.31,새섬 새연교_265_38862013.jpg,새섬새연교
217,4608,2592,0,4608,2592,20719,0,서귀포치유의숲_028_36388643.jpg,서귀포치유의숲
218,4608,2592,0,4608,2592,20719,0,서귀포치유의숲_040_36388671.jpg,서귀포치유의숲
219,4608,2592,0,4608,2592,20719,0,서귀포치유의숲_055_36388707.jpg,서귀포치유의숲
220,4032,2268,0,4032,2268,20719,0,서귀포치유의숲_068_36388737.jpg,서귀포치유의숲
221,4032,2268,0,4032,2268,20719,0,서귀포치유의숲_076_36388753.jpg,서귀포치유의숲
222,4032,2268,0,4032,2268,20719,0,서귀포치유의숲_088_36388770.jpg,서귀포치유의숲
223,4032,2268,0,4032,2268,20719,0,서귀포치유의숲_092_36388778.jpg,서귀포치유의숲
224,4608,2592,0,4608,2592,20719,0,서귀포치유의숲_104_36388795.jpg,서귀포치유의숲
225,4608,2592,0,4608,2592,20719,0,서귀포치유의숲_105_36388796.jpg,서귀포치유의숲
226,4032,2268,0,4032,2268,20719,0,서귀포치유의숲_114_36388812.jpg,서귀포치유의숲
227,4608,2592,0,4608,2592,20719,0,서귀포치유의숲_115_36388815.jpg,서귀포치유의숲
228,4608,2592,0,4608,2592,20719,0,서귀포치유의숲_128_36388839.jpg,서귀포치유의숲
229,4608,2592,0,4608,2592,20719,0,서귀포치유의숲_143_36388867.jpg,서귀포치유의숲
230,4608,2592,0,4608,2592,20719,0,서귀포치유의숲_155_36388890.jpg,서귀포치유의숲
231,4608,2592,0,4608,2592,20719,0,서귀포치유의숲_160_36388895.jpg,서귀포치유의숲
232,4608,2592,0,4608,2592,20719,0,서귀포치유의숲_166_36388905.jpg,서귀포치유의숲
233,4608,2592,0,4608,2592,20871,0,성이시돌목장_070_42638164.jpg,성이시돌목장
234,4608,2592,0,4608,2592,20871,0,성이시돌목장_096_42638190.jpg,성이시돌목장
235,4608,2592,0,4608,2592,20871,0,성이시돌목장_109_42638203.jpg,성이시돌목장
236,4608,2592,0,4608,2592,20871,0,성이시돌목장_129_42638223.jpg,성이시돌목장
237,4608,2592,0,4608,2592,20871,0,성이시돌목장_133_42638227.jpg,성이시돌목장
238,4608,2592,0,4608,2592,20871,0,성이시돌목장_145_42638239.jpg,성이시돌목장
239,4608,2592,0,4608,2592,20871,0,성이시돌목장_146_42638240.jpg,성이시돌목장
240,4608,2592,0,4608,2592,20871,0,성이시돌목장_155_42638249.jpg,성이시돌목장
241,4608,2592,0,4608,2592,20871,0,성이시돌목장_156_42638250.jpg,성이시돌목장
242,4608,2592,0,4608,2592,20871,0,성이시돌목장_169_42638263.jpg,성이시돌목장
243,4608,2592,0,4608,2592,20871,0,성이시돌목장_183_42638277.jpg,성이시돌목장
244,4032,2268,0,4032,2268,20871,0,성이시돌목장_218_42638312.jpg,성이시돌목장
245,4032,2268,0,4032,2268,20871,0,성이시돌목장_220_42638314.jpg,성이시돌목장
246,4608,2592,0,4608,2592,20871,0,성이시돌목장_235_42638329.jpg,성이시돌목장
247,4608,2592,0,4608,2592,20871,0,성이시돌목장_239_42638333.jpg,성이시돌목장
248,4608,2592,0,4608,2592,20871,0,성이시돌목장_242_42638336.jpg,성이시돌목장
249,4608,2592,0,4608,2592,20871,0,성이시돌목장_254_42638348.jpg,성이시돌목장
250,4608,2592,0,4608,2592,20871,0,성이시돌목장_269_42638363.jpg,성이시돌목장
251,4608,2592,0,4608,2592,20871,0,성이시돌목장_270_42638364.jpg,성이시돌목장
252,4608,2592,0,4608,2592,20871,0,성이시돌목장_271_42638365.jpg,성이시돌목장
253,4608,2592,0,4608,2592,20871,0,성이시돌목장_275_42638369.jpg,성이시돌목장
254,4608,2592,0,4608,2592,20871,0,성이시돌목장_279_42638373.jpg,성이시돌목장
255,4608,2592,0,4608,2592,20871,0,성이시돌목장_282_42638376.jpg,성이시돌목장
256,4032,2268,0,4032,2268,20871,0,성이시돌목장_293_42638387.jpg,성이시돌목장
257,4032,2268,0,4032,2268,20871,0,성이시돌목장_294_42638388.jpg,성이시돌목장
258,4000.0,2252.0,0,4000,2252,20989,0,소인국테마파크_082_37953445.jpg,소인국테마파크
259,4000.0,2252.0,0,4000,2252,20989,0,소인국테마파크_106_37953469.jpg,소인국테마파크
260,4000.0,2252.0,0,4000,2252,20989,0,소인국테마파크_128_37953489.jpg,소인국테마파크
261,4000.0,2252.0,0,4000,2252,20989,0,소인국테마파크_152_37953504.jpg,소인국테마파크
262,4000.0,2252.0,0,4000,2252,20989,0,소인국테마파크_166_37953513.jpg,소인국테마파크
263,4000.0,2252.0,0,4000,2252,20989,0,소인국테마파크_188_37953530.jpg,소인국테마파크
264,4000.0,2252.0,0,4000,2252,20989,0,소인국테마파크_196_37953537.jpg,소인국테마파크
265,4000.0,2252.0,0,4000,2252,20989,0,소인국테마파크_217_37953551.jpg,소인국테마파크
266,4000.0,2252.0,0,4000,2252,20989,0,소인국테마파크_218_37953552.jpg,소인국테마파크
267,4000.0,2252.0,0,4000,2252,20989,0,소인국테마파크_235_37953564.jpg,소인국테마파크
268,4000.0,2252.0,0,4000,2252,20989,0,소인국테마파크_236_37953565.jpg,소인국테마파크
269,4000.0,2252.0,0,4000,2252,20989,0,소인국테마파크_260_37953579.jpg,소인국테마파크
270,4000.0,2252.0,0,4000,2252,20989,0,소인국테마파크_286_37953597.jpg,소인국테마파크
271,4000.0,2252.0,0,4000,2252,20989,0,소인국테마파크_307_37953612.jpg,소인국테마파크
272,4000.0,2252.0,0,4000,2252,20989,0,소인국테마파크_324_37953624.jpg,소인국테마파크
273,4000.0,2252.0,0,4000,2252,20989,0,소인국테마파크_334_37953631.jpg,소인국테마파크
274,4608.0,2592.0,0,4608,2592,20718,829.65,쇠소깍044_39281077.jpg,쇠소깍
275,4608.0,2592.0,0,4608,2592,20718,1351.68,쇠소깍070_39281140.jpg,쇠소깍
276,4608.0,2592.0,0,4608,2592,20718,0,쇠소깍083_39281163.jpg,쇠소깍
277,4592.610000000001,2561.86,27.35,4608,2592,20718,451.29,쇠소깍091_39281185.jpg,쇠소깍
278,4608.0,2592.0,0,4608,2592,20718,1039.53,쇠소깍103_39281218.jpg,쇠소깍
279,4608.0,2592.0,0,4608,2592,20718,135.46,쇠소깍109_39281231.jpg,쇠소깍
280,4608.0,2592.0,0,4608,2592,20718,0,쇠소깍121_39281267.jpg,쇠소깍
281,4589.61,2592.0,0,4608,2592,20718,0,쇠소깍122_39281270.jpg,쇠소깍
282,4608.0,2592.0,0,4608,2592,20718,0,쇠소깍131_39281297.jpg,쇠소깍
283,4594.280000000001,2573.2200000000003,15.39,4608,2592,20718,17.07,쇠소깍132_39281298.jpg,쇠소깍
284,4598.01,1909.67,10.62,4608,2592,20718,186.49,쇠소깍145_39281321.jpg,쇠소깍
285,4608.0,2592.0,0,4608,2592,20718,0,쇠소깍159_39281343.jpg,쇠소깍
286,4608.0,2592.0,5.86,4608,2592,20718,7.26,쇠소깍171_39281375.jpg,쇠소깍
287,4579.95,2592.0,0,4608,2592,20718,1106.26,쇠소깍175_39281381.jpg,쇠소깍
288,4608.0,2592.0,0,4608,2592,20718,1168.69,쇠소깍181_39281391.jpg,쇠소깍
289,4608,2592,0,4608,2592,21130,0,아침미소목장_065_42640112.jpg,아침미소목장
290,4608,2592,0,4608,2592,21130,0,아침미소목장_077_42640124.jpg,아침미소목장
291,4608,2592,0,4608,2592,21130,0,아침미소목장_091_42640138.jpg,아침미소목장
292,4608,2592,0,4608,2592,21130,0,아침미소목장_104_42640151.jpg,아침미소목장
293,4608,2592,0,4608,2592,21130,0,아침미소목장_124_42640171.jpg,아침미소목장
294,4032,2268,0,4032,2268,21130,0,아침미소목장_140_42640187.jpg,아침미소목장
295,4032,2268,0,4032,2268,21130,0,아침미소목장_141_42640188.jpg,아침미소목장
296,4032,2268,0,4032,2268,21130,0,아침미소목장_150_42640197.jpg,아침미소목장
297,4032,2268,0,4032,2268,21130,0,아침미소목장_151_42640198.jpg,아침미소목장
298,4032,2268,0,4032,2268,21130,0,아침미소목장_163_42640210.jpg,아침미소목장
299,4032,2268,0,4032,2268,21130,0,아침미소목장_164_42640211.jpg,아침미소목장
300,4608,2592,0,4608,2592,21130,0,아침미소목장_178_42640225.jpg,아침미소목장
301,4608,2592,0,4608,2592,21130,0,아침미소목장_190_42640237.jpg,아침미소목장
302,4032,2268,0,4032,2268,21130,0,아침미소목장_213_42640260.jpg,아침미소목장
303,4608,2592,0,4608,2592,21130,0,아침미소목장_230_42640277.jpg,아침미소목장
304,4608,2592,0,4608,2592,21130,0,아침미소목장_232_42640279.jpg,아침미소목장
305,4608,2592,0,4608,2592,21130,0,아침미소목장_234_42640281.jpg,아침미소목장
306,4608,2592,0,4608,2592,21130,0,아침미소목장_249_42640296.jpg,아침미소목장
307,4608,2592,0,4608,2592,21130,0,아침미소목장_265_42640312.jpg,아침미소목장
308,4608,2592,0,4608,2592,21130,0,아침미소목장_266_42640313.jpg,아침미소목장
309,4608,2592,0,4608,2592,21130,0,아침미소목장_269_42640316.jpg,아침미소목장
310,4608,2592,0,4608,2592,21130,0,아침미소목장_271_42640318.jpg,아침미소목장
311,4032,2268,0,4032,2268,21130,0,아침미소목장_284_42640331.jpg,아침미소목장
312,4608,2592,0,4608,2592,21130,0,아침미소목장_289_42640336.jpg,아침미소목장
313,4032,2268,0,4032,2268,20833,0,에코랜드테마파크_049_39445638.jpg,에코랜드테마파크
314,4032,2268,0,4032,2268,20833,0,에코랜드테마파크_061_39445669.jpg,에코랜드테마파크
315,4032.0,2268.0,0,4032,2268,20833,0,에코랜드테마파크_075_39445692.jpg,에코랜드테마파크
316,4032,2268,0,4032,2268,20833,0,에코랜드테마파크_089_39445740.jpg,에코랜드테마파크
317,4032.0,2268.0,0,4032,2268,20833,0,에코랜드테마파크_097_39445763.jpg,에코랜드테마파크
318,4032,2268,0,4032,2268,20833,0,에코랜드테마파크_109_39445802.jpg,에코랜드테마파크
319,4032,2268,0,4032,2268,20833,0,에코랜드테마파크_113_39445808.jpg,에코랜드테마파크
320,4032,2268,0,4032,2268,20833,0,에코랜드테마파크_125_39445843.jpg,에코랜드테마파크
321,4032,2268,0,4032,2268,20833,0,에코랜드테마파크_126_39445845.jpg,에코랜드테마파크
322,4032.0,2268.0,0,4032,2268,20833,0,에코랜드테마파크_136_39445870.jpg,에코랜드테마파크
323,4032.0,2268.0,0,4032,2268,20833,0,에코랜드테마파크_137_39445871.jpg,에코랜드테마파크
324,4032,2268,0,4032,2268,20833,0,에코랜드테마파크_150_39445910.jpg,에코랜드테마파크
325,4032.0,2268.0,0,4032,2268,20833,0,에코랜드테마파크_164_39445939.jpg,에코랜드테마파크
326,4032.0,2268.0,0,4032,2268,20833,0,에코랜드테마파크_176_39445977.jpg,에코랜드테마파크
327,4032,2268,0,4032,2268,20833,0,에코랜드테마파크_187_39446008.jpg,에코랜드테마파크
328,4032,2268,0,4032,2268,20833,0,에코랜드테마파크_199_39446047.jpg,에코랜드테마파크
329,4032.0,2268.0,0,4032,2268,20833,0,에코랜드테마파크_200_39446049.jpg,에코랜드테마파크
330,4032,2268,0,4032,2268,20833,0,에코랜드테마파크_207_39446061.jpg,에코랜드테마파크
331,4000,2252,0,4000,2252,20628,0,여미지식물원_033_42385004.jpg,여미지식물원
332,4000,2252,0,4000,2252,20628,0,여미지식물원_038_42385009.jpg,여미지식물원
333,4000,2252,0,4000,2252,20628,0,여미지식물원_051_42385022.jpg,여미지식물원
334,4000,2252,0,4000,2252,20628,0,여미지식물원_064_42385035.jpg,여미지식물원
335,4000,2252,0,4000,2252,20628,0,여미지식물원_075_42385046.jpg,여미지식물원
336,4000,2252,0,4000,2252,20628,0,여미지식물원_076_42385047.jpg,여미지식물원
337,4000,2252,0,4000,2252,20628,0,여미지식물원_079_42385050.jpg,여미지식물원
338,4000,2252,0,4000,2252,20628,0,여미지식물원_089_42385060.jpg,여미지식물원
339,4000,2252,0,4000,2252,20628,0,여미지식물원_111_42385082.jpg,여미지식물원
340,4000,2252,0,4000,2252,20801,0,오라동 청보리-메밀꽃밭_135_43225995.jpg,오라동청보리-메밀꽃밭
341,4000,2252,0,4000,2252,20801,0,오라동 청보리-메밀꽃밭_182_43226021.jpg,오라동청보리-메밀꽃밭
342,4000,2252,0,4000,2252,20801,0,오라동 청보리-메밀꽃밭_195_43226034.jpg,오라동청보리-메밀꽃밭
343,4000,2252,0,4000,2252,20801,0,오라동 청보리-메밀꽃밭_203_43226042.jpg,오라동청보리-메밀꽃밭
344,4000,2252,0,4000,2252,20801,0,오라동 청보리-메밀꽃밭_221_43226054.jpg,오라동청보리-메밀꽃밭
345,4000,2252,0,4000,2252,20801,0,오라동 청보리-메밀꽃밭_225_43226058.jpg,오라동청보리-메밀꽃밭
346,4000,2252,0,4000,2252,20801,0,오라동 청보리-메밀꽃밭_240_43226070.jpg,오라동청보리-메밀꽃밭
347,4000,2252,0,4000,2252,20801,0,오라동 청보리-메밀꽃밭_241_43226071.jpg,오라동청보리-메밀꽃밭
348,4000,2252,0,4000,2252,20801,0,오라동 청보리-메밀꽃밭_250_43226080.jpg,오라동청보리-메밀꽃밭
349,4000,2252,0,4000,2252,20801,0,오라동 청보리-메밀꽃밭_251_43226081.jpg,오라동청보리-메밀꽃밭
350,4000,2252,0,4000,2252,20801,0,오라동 청보리-메밀꽃밭_271_43226094.jpg,오라동청보리-메밀꽃밭
351,4000,2252,0,4000,2252,20801,0,오라동 청보리-메밀꽃밭_285_43226108.jpg,오라동청보리-메밀꽃밭
352,4000,2252,0,4000,2252,20801,0,오라동 청보리-메밀꽃밭_305_43226120.jpg,오라동청보리-메밀꽃밭
353,4000,2252,0,4000,2252,20801,0,오라동 청보리-메밀꽃밭_309_43226124.jpg,오라동청보리-메밀꽃밭
354,4000,2252,0,4000,2252,20801,0,오라동 청보리-메밀꽃밭_315_43226130.jpg,오라동청보리-메밀꽃밭
355,2964.5299999999997,1356.99,1170.55,4000,2252,20688,475.78,오설록 티뮤지엄_106_37954634.jpg,오설록티뮤지엄
356,2922.8500000000004,1947.42,671.07,4000,2252,20688,667.76,오설록 티뮤지엄_130_37954649.jpg,오설록티뮤지엄
357,2439.7200000000003,1598.44,915.02,4000,2252,20688,661.62,오설록 티뮤지엄_151_37954663.jpg,오설록티뮤지엄
358,2867.51,2133.25,967.44,4000,2252,20688,977.77,오설록 티뮤지엄_174_37954682.jpg,오설록티뮤지엄
359,2730.48,1784.56,145.91,4000,2252,20688,628.87,오설록 티뮤지엄_188_37954691.jpg,오설록티뮤지엄
360,3004.65,2059.05,172.9,4000,2252,20688,426.61,오설록 티뮤지엄_209_37954709.jpg,오설록티뮤지엄
361,3106.48,2165.38,0,4000,2252,20688,547.87,오설록 티뮤지엄_216_37954713.jpg,오설록티뮤지엄
362,2850.46,1779.19,1317.76,4000,2252,20688,934.98,오설록 티뮤지엄_236_37954731.jpg,오설록티뮤지엄
363,2899.01,2210.56,862.77,4000,2252,20688,989.84,오설록 티뮤지엄_238_37954733.jpg,오설록티뮤지엄
364,3008.26,1935.3400000000001,1172.48,4000,2252,20688,628.87,오설록 티뮤지엄_253_37954745.jpg,오설록티뮤지엄
365,3022.68,2068.32,799.29,4000,2252,20688,714.15,오설록 티뮤지엄_256_37954746.jpg,오설록티뮤지엄
366,2757.57,1745.3600000000001,799.91,4000,2252,20688,636.88,오설록 티뮤지엄_278_37954764.jpg,오설록티뮤지엄
367,2554.0099999999998,1728.12,72.06,4000,2252,20688,262.64,오설록 티뮤지엄_302_37954783.jpg,오설록티뮤지엄
368,3178.54,1755.3600000000001,357.5,4000,2252,20688,324.96,오설록 티뮤지엄_323_37954800.jpg,오설록티뮤지엄
369,3028.27,1782.1599999999999,867.58,4000,2252,20688,589.18,오설록 티뮤지엄_332_37954806.jpg,오설록티뮤지엄
370,2867.7,1971.5900000000001,845.97,4000,2252,20688,721.7,오설록 티뮤지엄_344_37954812.jpg,오설록티뮤지엄
371,2313.3199999999997,1526.22,1816.37,4000,2252,20652,935.25,외돌개_066_38515943.jpg,외돌개
372,2283.59,1625.25,1693.4,4000,2252,20652,872.4,외돌개_076_38515959.jpg,외돌개
373,2245.2200000000003,1502.58,1854.72,4000,2252,20652,993.29,외돌개_085_38515977.jpg,외돌개
374,2221.6800000000003,1381.6,1672.99,4000,2252,20652,696.4,외돌개_105_38516010.jpg,외돌개
375,2296.13,1832.13,1719.9,4000,2252,20652,1149.45,외돌개_123_38516048.jpg,외돌개
376,2264.27,1502.3,1847.74,4000,2252,20652,1004.51,외돌개_135_38516065.jpg,외돌개
377,2152.54,1574.15,1583.63,4000,2252,20652,887.57,외돌개_153_38516103.jpg,외돌개
378,2234.67,1978.7800000000002,1671.51,4000,2252,20652,1278.69,외돌개_158_38516112.jpg,외돌개
379,2270.14,1446.0700000000002,1689.58,4000,2252,20652,756.69,외돌개_178_38516155.jpg,외돌개
380,2253.9,2212.96,1762.24,4000,2252,20652,1600.31,외돌개_180_38516156.jpg,외돌개
381,2297.49,1579.84,1884.07,4000,2252,20652,1083.84,외돌개_193_38516179.jpg,외돌개
382,2304.1800000000003,1725.95,1877.68,4000,2252,20652,1216.64,외돌개_194_38516180.jpg,외돌개
383,2273.2,1654.5900000000001,1530.2,4000,2252,20652,783.85,외돌개_215_38516210.jpg,외돌개
384,2206.92,2097.2,1532.32,4000,2252,20652,1263.31,외돌개_235_38516252.jpg,외돌개
385,2579.66,1731.19,1833.89,4000,2252,20652,839.05,외돌개_270_38516322.jpg,외돌개
386,2294.7799999999997,1721.5700000000002,1573.76,4000,2252,20652,850.6,외돌개_280_38516334.jpg,외돌개
387,2687.62,1957.28,1681.78,4000,2252,21125,1379,용두암_077_42904622.jpg,용두암
388,2692.4399999999996,1379.18,1543.59,4000,2252,21125,742.46,용두암_082_42904627.jpg,용두암
389,2622.59,1856.07,1644.74,4000,2252,21125,1298.87,용두암_095_42904640.jpg,용두암
390,2853.81,1552.6,1322.01,4000,2252,21125,735.23,용두암_168_42904664.jpg,용두암
391,2988.6800000000003,2174.05,1389.44,4000,2252,21125,1294.05,용두암_169_42904665.jpg,용두암
392,3480.0099999999998,1642.32,1148.6,4000,2252,21125,405.24,용두암_178_42904668.jpg,용두암
393,2935.69,2008.84,1742.75,4000,2252,21125,1357.54,용두암_194_42904678.jpg,용두암
394,3486.23,1827.79,1102.83,4000,2252,21125,607.57,용두암_217_42904701.jpg,용두암
395,4000.0,2252.0,0,4000,2252,20676,0,용머리해안_066_41856917.jpg,용머리해안
396,4000.0,2252.0,0,4000,2252,20676,0,용머리해안_105_41856973.jpg,용머리해안
397,4000.0,2252.0,0,4000,2252,20676,0,용머리해안_124_41856997.jpg,용머리해안
398,4000.0,2252.0,0,4000,2252,20676,0,용머리해안_138_41857014.jpg,용머리해안
399,3973.51,2230.0,0,4000,2252,20676,14.42,용머리해안_156_41857040.jpg,용머리해안
400,2520.03,2252.0,0,4000,2252,20676,0,용머리해안_162_41857046.jpg,용머리해안
401,3799.5099999999998,2173.73,71.97,4000,2252,20676,80.38,용머리해안_166_41857050.jpg,용머리해안
402,3998.85,2252.0,0,4000,2252,20676,0,용머리해안_180_41857069.jpg,용머리해안
403,2293.39,2252.0,0,4000,2252,20676,0,용머리해안_181_41857070.jpg,용머리해안
404,4000.0,2252.0,0,4000,2252,20676,1480.89,용머리해안_195_41857082.jpg,용머리해안
405,3469.3,2252.0,0,4000,2252,20676,0,용머리해안_196_41857084.jpg,용머리해안
406,3622.24,2236.17,0,4000,2252,20676,0,용머리해안_226_41857110.jpg,용머리해안
407,4000.0,2252.0,0,4000,2252,20676,0,용머리해안_258_41857134.jpg,용머리해안
408,4000.0,2252.0,1740.93,4000,2252,20676,1519.06,용머리해안_294_41857166.jpg,용머리해안
409,4000.0,2252.0,0,4000,2252,20676,0,용머리해안_307_41857180.jpg,용머리해안
410,4032,2268,0,4032,2268,20738,0,월정리해변(월정리해수욕장)_034_43075001.jpg,월정리해변(월정리해수욕장)
411,4032,2268,0,4032,2268,20738,0,월정리해변(월정리해수욕장)_039_43075006.jpg,월정리해변(월정리해수욕장)
412,4032,2268,0,4032,2268,20738,0,월정리해변(월정리해수욕장)_052_43075019.jpg,월정리해변(월정리해수욕장)
413,4032,2268,0,4032,2268,20738,0,월정리해변(월정리해수욕장)_065_43075032.jpg,월정리해변(월정리해수욕장)
414,4032,2268,0,4032,2268,20738,0,월정리해변(월정리해수욕장)_076_43075043.jpg,월정리해변(월정리해수욕장)
415,4032,2268,0,4032,2268,20738,0,월정리해변(월정리해수욕장)_077_43075044.jpg,월정리해변(월정리해수욕장)
416,4032,2268,0,4032,2268,20738,0,월정리해변(월정리해수욕장)_080_43075047.jpg,월정리해변(월정리해수욕장)
417,4032,2268,0,4032,2268,20738,0,월정리해변(월정리해수욕장)_110_43075077.jpg,월정리해변(월정리해수욕장)
418,4032,2268,0,4032,2268,20738,0,월정리해변(월정리해수욕장)_117_43075084.jpg,월정리해변(월정리해수욕장)
419,3048.38,1889.94,1105.73,4000,2252,20641,582.06,이중섭 미술관_068_37955731.jpg,이중섭미술관
420,3061.42,1977.63,1078.11,4000,2252,20641,741.96,이중섭 미술관_088_37955750.jpg,이중섭미술관
421,3223.59,1914.73,745.24,4000,2252,20641,595.21,이중섭 미술관_108_37955765.jpg,이중섭미술관
422,3214.33,1875.04,672.98,4000,2252,20641,594.43,이중섭 미술관_127_37955781.jpg,이중섭미술관
423,3366.2400000000002,2240.07,540.42,4000,2252,20641,820.32,이중섭 미술관_139_37955793.jpg,이중섭미술관
424,3354.19,1790.3600000000001,777.34,4000,2252,20641,471.43,이중섭 미술관_157_37955808.jpg,이중섭미술관
425,3410.2200000000003,1641.34,715.17,4000,2252,20641,366.77,이중섭 미술관_163_37955812.jpg,이중섭미술관
426,3317.2999999999997,1878.6999999999998,522.06,4000,2252,20641,368.39,이중섭 미술관_181_37955831.jpg,이중섭미술관
427,3453.24,2194.23,401.87,4000,2252,20641,697.12,이중섭 미술관_182_37955832.jpg,이중섭미술관
428,3736.29,2252.0,375.66,4000,2252,20641,616.09,이중섭 미술관_196_37955844.jpg,이중섭미술관
429,3666.69,2125.58,453.05,4000,2252,20641,410.02,이중섭 미술관_198_37955846.jpg,이중섭미술관
430,3818.69,1786.4,458.56,4000,2252,20641,191.26,이중섭 미술관_217_37955863.jpg,이중섭미술관
431,3710.52,2084.49,390.09,4000,2252,20641,289.27,이중섭 미술관_238_37955881.jpg,이중섭미술관
432,3164.92,1943.5,1131.17,4000,2252,20641,455.33,이중섭 미술관_256_37955898.jpg,이중섭미술관
433,3093.3799999999997,1759.8,1003.41,4000,2252,20641,244.71,이중섭 미술관_265_37955906.jpg,이중섭미술관
434,3181.24,1871.43,808.41,4000,2252,20641,216.73,이중섭 미술관_274_37955912.jpg,이중섭미술관
435,4608.0,2592.0,0,4608,2592,20832,0,제주 돌문화공원_066_42022838.jpg,제주돌문화공원
436,4608.0,2592.0,0,4608,2592,20832,0,제주 돌문화공원_081_42022859.jpg,제주돌문화공원
437,4608.0,2592.0,0,4608,2592,20832,0,제주 돌문화공원_098_42022880.jpg,제주돌문화공원
438,4608.0,2592.0,0,4608,2592,20832,0,제주 돌문화공원_113_42022907.jpg,제주돌문화공원
439,4608.0,2592.0,0,4608,2592,20832,0,제주 돌문화공원_137_42022949.jpg,제주돌문화공원
440,4608.0,2592.0,0,4608,2592,20832,0,제주 돌문화공원_156_42022976.jpg,제주돌문화공원
441,4608.0,2592.0,0,4608,2592,20832,0,제주 돌문화공원_158_42022979.jpg,제주돌문화공원
442,4608.0,2592.0,0,4608,2592,20832,0,제주 돌문화공원_168_42022996.jpg,제주돌문화공원
443,4608.0,2592.0,0,4608,2592,20832,0,제주 돌문화공원_170_42022997.jpg,제주돌문화공원
444,4608.0,2592.0,0,4608,2592,20832,0,제주 돌문화공원_184_42023015.jpg,제주돌문화공원
445,4608.0,2592.0,0,4608,2592,20832,0,제주 돌문화공원_185_42023017.jpg,제주돌문화공원
446,4608.0,2592.0,0,4608,2592,20832,0,제주 돌문화공원_202_42023040.jpg,제주돌문화공원
447,4032.0,2268.0,0,4032,2268,20832,0,제주 돌문화공원_216_42023061.jpg,제주돌문화공원
448,4608.0,2592.0,0,4608,2592,20832,0,제주 돌문화공원_244_42023100.jpg,제주돌문화공원
449,4608.0,2592.0,0,4608,2592,20832,0,제주 돌문화공원_246_42023102.jpg,제주돌문화공원
450,4608.0,2592.0,0,4608,2592,20832,0,제주 돌문화공원_264_42023130.jpg,제주돌문화공원
451,4608.0,2592.0,0,4608,2592,20832,0,제주 돌문화공원_267_42023133.jpg,제주돌문화공원
452,4608.0,2592.0,0,4608,2592,20832,0,제주 돌문화공원_270_42023138.jpg,제주돌문화공원
453,4608.0,2592.0,0,4608,2592,20832,0,제주 돌문화공원_274_42023142.jpg,제주돌문화공원
454,4608.0,2592.0,0,4608,2592,20832,0,제주 돌문화공원_290_42023168.jpg,제주돌문화공원
455,4000.0,2252.0,0,4000,2252,20680,0,제주 산방산탄산온천_064_41857288.jpg,제주산방산탄산온천
456,4000.0,2252.0,0,4000,2252,20680,0,제주 산방산탄산온천_102_41857319.jpg,제주산방산탄산온천
457,4000.0,2252.0,0,4000,2252,20680,0,제주 산방산탄산온천_115_41857336.jpg,제주산방산탄산온천
458,4000.0,2252.0,0,4000,2252,20680,0,제주 산방산탄산온천_187_41857375.jpg,제주산방산탄산온천
459,4000.0,2252.0,0,4000,2252,20680,0,제주 산방산탄산온천_222_41857429.jpg,제주산방산탄산온천
460,4000.0,2252.0,0,4000,2252,20680,0,제주 산방산탄산온천_246_41857462.jpg,제주산방산탄산온천
461,4000.0,2252.0,0,4000,2252,20680,0,제주 산방산탄산온천_261_41857480.jpg,제주산방산탄산온천
462,4000.0,2252.0,0,4000,2252,20680,0,제주 산방산탄산온천_262_41857481.jpg,제주산방산탄산온천
463,4000.0,2252.0,0,4000,2252,20680,0,제주 산방산탄산온천_279_41857504.jpg,제주산방산탄산온천
464,4000.0,2252.0,0,4000,2252,20680,0,제주 산방산탄산온천_282_41857509.jpg,제주산방산탄산온천
465,4000.0,2252.0,0,4000,2252,20680,0,제주 산방산탄산온천_291_41857533.jpg,제주산방산탄산온천
466,4000.0,2252.0,0,4000,2252,20680,0,제주 산방산탄산온천_306_41857549.jpg,제주산방산탄산온천
467,4000.0,2252.0,0,4000,2252,20680,0,제주 산방산탄산온천_313_41857556.jpg,제주산방산탄산온천
468,4000.0,2252.0,0,4000,2252,20680,0,제주 산방산탄산온천_324_41857569.jpg,제주산방산탄산온천
469,4000.0,2252.0,0,4000,2252,20680,0,제주 산방산탄산온천_334_41857583.jpg,제주산방산탄산온천
470,4032.0,2268.0,0,4032,2268,20864,0,제주유리의성_052_36738051.jpg,제주유리의성
471,4032.0,2268.0,0,4032,2268,20864,0,제주유리의성_064_36738080.jpg,제주유리의성
472,4032.0,2268.0,0,4032,2268,20864,0,제주유리의성_078_36738119.jpg,제주유리의성
473,4032,2268,0,4032,2268,20864,0,제주유리의성_091_36738154.jpg,제주유리의성
474,4032,2268,0,4032,2268,20864,0,제주유리의성_099_36738178.jpg,제주유리의성
475,4032.0,2268.0,0,4032,2268,20864,0,제주유리의성_111_36738204.jpg,제주유리의성
476,4032.0,2268.0,0,4032,2268,20864,0,제주유리의성_115_36738216.jpg,제주유리의성
477,4032.0,2268.0,0,4032,2268,20864,0,제주유리의성_127_36738240.jpg,제주유리의성
478,4032,2268,0,4032,2268,20864,0,제주유리의성_128_36738241.jpg,제주유리의성
479,4032,2268,0,4032,2268,20864,0,제주유리의성_137_36738260.jpg,제주유리의성
480,4032,2268,0,4032,2268,20864,0,제주유리의성_138_36738261.jpg,제주유리의성
481,4032,2268,0,4032,2268,20864,0,제주유리의성_151_36738300.jpg,제주유리의성
482,4032,2268,0,4032,2268,20864,0,제주유리의성_165_36738327.jpg,제주유리의성
483,4032,2268,0,4032,2268,20864,0,제주유리의성_177_36738367.jpg,제주유리의성
484,4032.0,2268.0,0,4032,2268,20864,0,제주유리의성_188_36738394.jpg,제주유리의성
485,4032,2268,0,4032,2268,20864,0,제주유리의성_200_36738422.jpg,제주유리의성
486,4032.0,2268.0,0,4032,2268,20864,0,제주유리의성_201_36738427.jpg,제주유리의성
487,4032.0,2268.0,0,4032,2268,20864,0,제주유리의성_208_36738442.jpg,제주유리의성
488,4032,2268,0,4032,2268,20758,0,제주절물자연휴양림_031_43075238.jpg,제주절물자연휴양림
489,4032,2268,0,4032,2268,20758,0,제주절물자연휴양림_036_43075243.jpg,제주절물자연휴양림
490,4032,2268,0,4032,2268,20758,0,제주절물자연휴양림_049_43075256.jpg,제주절물자연휴양림
491,4032,2268,0,4032,2268,20758,0,제주절물자연휴양림_062_43075269.jpg,제주절물자연휴양림
492,4032,2268,0,4032,2268,20758,0,제주절물자연휴양림_073_43075280.jpg,제주절물자연휴양림
493,4032,2268,0,4032,2268,20758,0,제주절물자연휴양림_074_43075281.jpg,제주절물자연휴양림
494,4032,2268,0,4032,2268,20758,0,제주절물자연휴양림_077_43075284.jpg,제주절물자연휴양림
495,4032,2268,0,4032,2268,20758,0,제주절물자연휴양림_108_43075314.jpg,제주절물자연휴양림
496,4032,2268,0,4032,2268,20758,0,제주절물자연휴양림_117_43075321.jpg,제주절물자연휴양림
497,4608.0,2592.0,0,4608,2592,20701,349.5,주상절리대_305_42385135.jpg,주상절리대(대포동지삿개)
498,4608.0,2592.0,0,4608,2592,20701,80.25,주상절리대_330_42385154.jpg,주상절리대(대포동지삿개)
499,4608.0,2592.0,0,4608,2592,20701,0,주상절리대_333_42385155.jpg,주상절리대(대포동지삿개)
500,4291.22,2565.5,0,4608,2592,20701,0,주상절리대_334_42385156.jpg,주상절리대(대포동지삿개)
501,4608.0,2592.0,0.75,4608,2592,20701,214.87,주상절리대_351_42385169.jpg,주상절리대(대포동지삿개)
502,4608.0,2592.0,0,4608,2592,20701,593.1,주상절리대_369_42385181.jpg,주상절리대(대포동지삿개)
503,4608.0,2592.0,0,4608,2592,20701,399.71,주상절리대_390_42385196.jpg,주상절리대(대포동지삿개)
504,4032,2268,0,4032,2268,23253,0,청수곶자왈_051_0.jpg,청수곶자왈
505,4032,2268,0,4032,2268,23253,0,청수곶자왈_063_0.jpg,청수곶자왈
506,4032,2268,0,4032,2268,23253,0,청수곶자왈_077_0.jpg,청수곶자왈
507,4032,2268,0,4032,2268,23253,0,청수곶자왈_090_0.jpg,청수곶자왈
508,4032,2268,0,4032,2268,23253,0,청수곶자왈_098_0.jpg,청수곶자왈
509,4032,2268,0,4032,2268,23253,0,청수곶자왈_110_0.jpg,청수곶자왈
510,4032,2268,0,4032,2268,23253,0,청수곶자왈_114_0.jpg,청수곶자왈
511,4032,2268,0,4032,2268,23253,0,청수곶자왈_126_0.jpg,청수곶자왈
512,4032,2268,0,4032,2268,23253,0,청수곶자왈_127_0.jpg,청수곶자왈
513,4032,2268,0,4032,2268,23253,0,청수곶자왈_136_0.jpg,청수곶자왈
514,4032,2268,0,4032,2268,23253,0,청수곶자왈_137_0.jpg,청수곶자왈
515,4032,2268,0,4032,2268,23253,0,청수곶자왈_149_0.jpg,청수곶자왈
516,4032,2268,0,4032,2268,23253,0,청수곶자왈_150_0.jpg,청수곶자왈
517,4032,2268,0,4032,2268,23253,0,청수곶자왈_164_0.jpg,청수곶자왈
518,4032,2268,0,4032,2268,23253,0,청수곶자왈_176_0.jpg,청수곶자왈
519,4032,2268,0,4032,2268,23253,0,청수곶자왈_199_0.jpg,청수곶자왈
520,4032,2268,0,4032,2268,23253,0,청수곶자왈_200_0.jpg,청수곶자왈
521,4032,2268,0,4032,2268,23253,0,청수곶자왈_207_0.jpg,청수곶자왈
522,1787.9099999999999,1789.28,1181.34,4608,2592,20685,1674.02,카멜리아힐_073_41857718.jpg,카멜리아힐
523,1987.0100000000002,2021.35,1296.94,4608,2592,20685,1871.96,카멜리아힐_095_41857748.jpg,카멜리아힐
524,3231.84,1927.25,1927.82,4608,2592,20685,1540.58,카멜리아힐_116_41857786.jpg,카멜리아힐
525,2098.4,1837.34,1483.21,4608,2592,20685,1685.28,카멜리아힐_136_41857810.jpg,카멜리아힐
526,2017.32,1690.7399999999998,1375.02,4608,2592,20685,1540.12,카멜리아힐_148_41857823.jpg,카멜리아힐
527,4400.79,1763.1,1282.31,4608,2592,20685,1147.67,카멜리아힐_166_41857844.jpg,카멜리아힐
528,2105.44,2200.92,1357.9,4608,2592,20685,1916.32,카멜리아힐_172_41857859.jpg,카멜리아힐
529,1972.1,1705.7599999999998,1234.49,4608,2592,20685,1469.37,카멜리아힐_190_41857881.jpg,카멜리아힐
530,1973.17,1922.4899999999998,1210.89,4608,2592,20685,1673.62,카멜리아힐_191_41857882.jpg,카멜리아힐
531,2187.19,1858.5100000000002,1626.81,4608,2592,20685,1568.63,카멜리아힐_205_41857911.jpg,카멜리아힐
532,2083.26,1717.99,1500.78,4608,2592,20685,1416.72,카멜리아힐_206_41857912.jpg,카멜리아힐
533,4286.59,1851.1,370.51,4608,2592,20685,1141.77,카멜리아힐_226_41857942.jpg,카멜리아힐
534,3761.69,1883.03,2985.04,4608,2592,20685,1510.55,카멜리아힐_248_41857980.jpg,카멜리아힐
535,4387.38,1926.28,3332.61,4608,2592,20685,1605.96,카멜리아힐_275_41858008.jpg,카멜리아힐
536,4453.88,1817.26,3468.34,4608,2592,20685,1566.91,카멜리아힐_287_41858019.jpg,카멜리아힐
537,4280.0599999999995,1991.77,3561.97,4608,2592,20685,1854.18,카멜리아힐_301_41858040.jpg,카멜리아힐
538,720.34,2247.42,309.68,4000,2252,20716,1766.9,한라산 영실_139_39290466.jpg,한라산영실
539,2727.11,1660.21,2474.17,4000,2252,20716,1301.75,한라산 영실_167_39290561.jpg,한라산영실
540,4000.0,2252.0,0,4000,2252,20716,0,한라산 영실_180_39290636.jpg,한라산영실
541,3950.79,2236.92,2700.7,4000,2252,20716,1498.48,한라산 영실_200_39290708.jpg,한라산영실
542,3980.7000000000003,1965.44,5.8,4000,2252,20716,51.93,한라산 영실_204_39290722.jpg,한라산영실
543,3888.5899999999997,1852.0900000000001,114.2,4000,2252,20716,209.71,한라산 영실_216_39290765.jpg,한라산영실
544,4000.0,2252.0,7.52,4000,2252,20716,0,한라산 영실_217_39290769.jpg,한라산영실
545,4000.0,2252.0,0,4000,2252,20716,0,한라산 영실_226_39290806.jpg,한라산영실
546,4000.0,2252.0,0,4000,2252,20716,519.79,한라산 영실_227_39290807.jpg,한라산영실
547,4000.0,1716.4499999999998,0,4000,2252,20716,1087.87,한라산 영실_240_39290844.jpg,한라산영실
548,4000.0,2237.36,5.8,4000,2252,20716,0,한라산 영실_255_39290880.jpg,한라산영실
549,4000.0,2252.0,0,4000,2252,20716,258.7,한라산 영실_291_39291002.jpg,한라산영실
550,4000.0,1849.5,0,4000,2252,20716,680.09,한라산 영실_293_39291004.jpg,한라산영실
551,4000.0,2252.0,0,4000,2252,20716,0,한라산 영실_309_39291054.jpg,한라산영실
552,3917.29,2234.46,0,4000,2252,20716,0,한라산 영실_313_39291071.jpg,한라산영실
553,2009.17,1522.3500000000001,1877.19,4000,2252,20716,1262.43,한라산 영실_316_39291080.jpg,한라산영실
554,4000.0,2252.0,0,4000,2252,20716,0,한라산 영실_328_39291124.jpg,한라산영실
555,4000.0,2252.0,0,4000,2252,20716,133.85,한라산 영실_344_39291180.jpg,한라산영실
556,4000.0,2252.0,0,4000,2252,20716,0,한라산 영실_345_39291181.jpg,한라산영실
557,4000.0,2252.0,14.29,4000,2252,20716,0,한라산 영실_346_39291182.jpg,한라산영실
558,4000.0,2252.0,0,4000,2252,20716,0,한라산 영실_350_39291189.jpg,한라산영실
559,4000.0,2252.0,0,4000,2252,20716,0,한라산 영실_354_39291203.jpg,한라산영실
560,3900.6400000000003,2156.57,3004.92,4000,2252,20716,954.68,한라산 영실_357_39291219.jpg,한라산영실
561,4000.0,2244.58,0,4000,2252,20716,0,한라산 영실_368_39291256.jpg,한라산영실
562,4000.0,2252.0,0,4000,2252,20716,0,한라산 영실_369_39291258.jpg,한라산영실
563,4608,2592,0,4608,2592,20881,0,한림공원_071_42632487.jpg,한림공원
564,4608,2592,0,4608,2592,20881,0,한림공원_084_42632500.jpg,한림공원
565,4608,2592,0,4608,2592,20881,0,한림공원_097_42632513.jpg,한림공원
566,4032,2268,0,4032,2268,20881,0,한림공원_110_42632526.jpg,한림공원
567,4032,2268,0,4032,2268,20881,0,한림공원_118_42632534.jpg,한림공원
568,4032,2268,0,4032,2268,20881,0,한림공원_130_42632546.jpg,한림공원
569,4032,2268,0,4032,2268,20881,0,한림공원_134_42632550.jpg,한림공원
570,4032,2268,0,4032,2268,20881,0,한림공원_147_42632563.jpg,한림공원
571,4608,2592,0,4608,2592,20881,0,한림공원_157_42632573.jpg,한림공원
572,4608,2592,0,4608,2592,20881,0,한림공원_184_42632600.jpg,한림공원
573,4608,2592,0,4608,2592,20881,0,한림공원_201_42632617.jpg,한림공원
574,4608,2592,0,4608,2592,20881,0,한림공원_207_42632623.jpg,한림공원
575,4608,2592,0,4608,2592,20881,0,한림공원_214_42632630.jpg,한림공원
576,4608,2592,0,4608,2592,20881,0,한림공원_219_42632635.jpg,한림공원
577,4608,2592,0,4608,2592,20881,0,한림공원_221_42632637.jpg,한림공원
578,4608,2592,0,4608,2592,20881,0,한림공원_225_42632641.jpg,한림공원
579,4608,2592,0,4608,2592,20881,0,한림공원_230_42632646.jpg,한림공원
580,4608,2592,0,4608,2592,20881,0,한림공원_236_42632652.jpg,한림공원
581,4608,2592,0,4608,2592,20881,0,한림공원_240_42632656.jpg,한림공원
582,4608,2592,0,4608,2592,20881,0,한림공원_243_42632659.jpg,한림공원
583,4608,2592,0,4608,2592,20881,0,한림공원_270_42632686.jpg,한림공원
584,4608,2592,0,4608,2592,20881,0,한림공원_280_42632696.jpg,한림공원
585,4608,2592,0,4608,2592,20881,0,한림공원_285_42632701.jpg,한림공원
586,4608,2592,0,4608,2592,20881,0,한림공원_289_42632705.jpg,한림공원
587,4608,2592,0,4608,2592,20881,0,한림공원_307_42632723.jpg,한림공원
588,4608,2592,0,4608,2592,20881,0,한림공원_316_42632732.jpg,한림공원
589,4032,2268,0,4032,2268,20850,0,함덕해수욕장_045_42555438.jpg,함덕해수욕장
590,4032,2268,0,4032,2268,20850,0,함덕해수욕장_057_42555450.jpg,함덕해수욕장
591,4032,2268,0,4032,2268,20850,0,함덕해수욕장_071_42555464.jpg,함덕해수욕장
592,4032,2268,0,4032,2268,20850,0,함덕해수욕장_084_42555477.jpg,함덕해수욕장
593,4032,2268,0,4032,2268,20850,0,함덕해수욕장_092_42555485.jpg,함덕해수욕장
594,4032,2268,0,4032,2268,20850,0,함덕해수욕장_104_42555497.jpg,함덕해수욕장
595,4032,2268,0,4032,2268,20850,0,함덕해수욕장_108_42555501.jpg,함덕해수욕장
596,4032,2268,0,4032,2268,20850,0,함덕해수욕장_120_42555513.jpg,함덕해수욕장
597,4032,2268,0,4032,2268,20850,0,함덕해수욕장_121_42555514.jpg,함덕해수욕장
598,4032,2268,0,4032,2268,20850,0,함덕해수욕장_130_42555523.jpg,함덕해수욕장
599,4032,2268,0,4032,2268,20850,0,함덕해수욕장_131_42555524.jpg,함덕해수욕장
600,4032,2268,0,4032,2268,20850,0,함덕해수욕장_144_42555538.jpg,함덕해수욕장
601,4032,2268,0,4032,2268,20850,0,함덕해수욕장_158_42555552.jpg,함덕해수욕장
602,4032,2268,0,4032,2268,20850,0,함덕해수욕장_170_42555564.jpg,함덕해수욕장
603,4032,2268,0,4032,2268,20850,0,함덕해수욕장_175_42555569.jpg,함덕해수욕장
604,4032,2268,0,4032,2268,20850,0,함덕해수욕장_181_42555575.jpg,함덕해수욕장
605,4000,2252,0,4000,2252,20883,0,협재굴(한림공원)_071_42634770.jpg,협재굴(한림공원)
606,4000,2252,0,4000,2252,20883,0,협재굴(한림공원)_084_42634783.jpg,협재굴(한림공원)
607,4000,2252,0,4000,2252,20883,0,협재굴(한림공원)_097_42634796.jpg,협재굴(한림공원)
608,4000,2252,0,4000,2252,20883,0,협재굴(한림공원)_110_42634809.jpg,협재굴(한림공원)
609,4000,2252,0,4000,2252,20883,0,협재굴(한림공원)_118_42634817.jpg,협재굴(한림공원)
610,4000,2252,0,4000,2252,20883,0,협재굴(한림공원)_130_42634829.jpg,협재굴(한림공원)
611,4000,2252,0,4000,2252,20883,0,협재굴(한림공원)_134_42634833.jpg,협재굴(한림공원)
612,4000,2252,0,4000,2252,20883,0,협재굴(한림공원)_147_42634846.jpg,협재굴(한림공원)
613,4000,2252,0,4000,2252,20883,0,협재굴(한림공원)_157_42634856.jpg,협재굴(한림공원)
614,4000,2252,0,4000,2252,20883,0,협재굴(한림공원)_184_42634883.jpg,협재굴(한림공원)
615,4000,2252,0,4000,2252,20883,0,협재굴(한림공원)_201_42634900.jpg,협재굴(한림공원)
616,4000,2252,0,4000,2252,20883,0,협재굴(한림공원)_207_42634906.jpg,협재굴(한림공원)
617,4000,2252,0,4000,2252,20883,0,협재굴(한림공원)_214_42634913.jpg,협재굴(한림공원)
618,4000,2252,0,4000,2252,20883,0,협재굴(한림공원)_219_42634918.jpg,협재굴(한림공원)
619,4000,2252,0,4000,2252,20883,0,협재굴(한림공원)_221_42634920.jpg,협재굴(한림공원)
620,4000,2252,0,4000,2252,20883,0,협재굴(한림공원)_225_42634924.jpg,협재굴(한림공원)
621,4000,2252,0,4000,2252,20883,0,협재굴(한림공원)_230_42634929.jpg,협재굴(한림공원)
622,4000,2252,0,4000,2252,20883,0,협재굴(한림공원)_236_42634935.jpg,협재굴(한림공원)
623,4000,2252,0,4000,2252,20883,0,협재굴(한림공원)_240_42634939.jpg,협재굴(한림공원)
624,4000,2252,0,4000,2252,20883,0,협재굴(한림공원)_243_42634942.jpg,협재굴(한림공원)
625,4000,2252,0,4000,2252,20883,0,협재굴(한림공원)_270_42634969.jpg,협재굴(한림공원)
626,4000,2252,0,4000,2252,20883,0,협재굴(한림공원)_280_42634979.jpg,협재굴(한림공원)
627,4000,2252,0,4000,2252,20883,0,협재굴(한림공원)_285_42634984.jpg,협재굴(한림공원)
628,4000,2252,0,4000,2252,20883,0,협재굴(한림공원)_289_42634988.jpg,협재굴(한림공원)
629,4000,2252,0,4000,2252,20883,0,협재굴(한림공원)_307_42635006.jpg,협재굴(한림공원)
630,4000,2252,0,4000,2252,20883,0,협재굴(한림공원)_316_42635015.jpg,협재굴(한림공원)
631,4032.0,2268.0,0,4032,2268,20884,0,협재해변_052_37432995.jpg,협재해변
632,4032.0,2268.0,0,4032,2268,20884,0,협재해변_081_37433020.jpg,협재해변
633,4032.0,2268.0,0,4032,2268,20884,0,협재해변_088_37433028.jpg,협재해변
634,4032.0,2268.0,0,4032,2268,20884,0,협재해변_101_37433043.jpg,협재해변
635,4032.0,2268.0,0,4032,2268,20884,0,협재해변_125_37433071.jpg,협재해변
636,4032.0,2268.0,0,4032,2268,20884,0,협재해변_131_37433076.jpg,협재해변
637,4032.0,2268.0,0,4032,2268,20884,0,협재해변_145_37433091.jpg,협재해변
638,4032.0,2268.0,0,4032,2268,20884,0,협재해변_146_37433092.jpg,협재해변
639,4032.0,2268.0,0,4032,2268,20884,0,협재해변_155_37433103.jpg,협재해변
640,4032.0,2268.0,0,4032,2268,20884,0,협재해변_156_37433104.jpg,협재해변
641,4032.0,2268.0,0,4032,2268,20884,0,협재해변_169_37433119.jpg,협재해변
642,4032.0,2268.0,0,4032,2268,20884,0,협재해변_185_37433135.jpg,협재해변
643,4032.0,2268.0,0,4032,2268,20884,0,협재해변_201_37433154.jpg,협재해변
644,4032.0,2268.0,0,4032,2268,20884,0,협재해변_207_37433160.jpg,협재해변
645,4032.0,2268.0,0,4032,2268,20884,0,협재해변_212_37433166.jpg,협재해변
646,4000.0,2252.0,0,4000,2252,20651,0,황우지해안_096_37961791.jpg,황우지해안
647,4000.0,2252.0,0,4000,2252,20651,0,황우지해안_118_37961811.jpg,황우지해안
648,4000.0,2252.0,0,4000,2252,20651,0,황우지해안_149_37961832.jpg,황우지해안
649,4000.0,2252.0,0,4000,2252,20651,0,황우지해안_176_37961855.jpg,황우지해안
650,4000.0,2252.0,0,4000,2252,20651,0,황우지해안_191_37961866.jpg,황우지해안
651,4000.0,2252.0,0,4000,2252,20651,0,황우지해안_216_37961883.jpg,황우지해안
652,4000.0,2252.0,0,4000,2252,20651,0,황우지해안_226_37961887.jpg,황우지해안
653,4000.0,2252.0,0,4000,2252,20651,0,황우지해안_256_37961901.jpg,황우지해안
654,4000.0,2252.0,0,4000,2252,20651,0,황우지해안_258_37961902.jpg,황우지해안
655,4000.0,2252.0,0,4000,2252,20651,0,황우지해안_282_37961913.jpg,황우지해안
656,4000.0,2252.0,0,4000,2252,20651,0,황우지해안_283_37961914.jpg,황우지해안
657,4000.0,2252.0,0,4000,2252,20651,0,황우지해안_311_37961933.jpg,황우지해안
658,4000.0,2252.0,0,4000,2252,20651,0,황우지해안_341_37961953.jpg,황우지해안
659,4000.0,2252.0,0,4000,2252,20651,0,황우지해안_365_37961967.jpg,황우지해안
660,4000.0,2252.0,0,4000,2252,20651,0,황우지해안_386_37961981.jpg,황우지해안
661,4000.0,2252.0,0,4000,2252,20651,0,황우지해안_413_37961996.jpg,황우지해안
662,4000.0,2252.0,0,4000,2252,20651,0,황우지해안_416_37961998.jpg,황우지해안
663,4000.0,2252.0,0,4000,2252,20651,0,황우지해안_483_37962031.jpg,황우지해안
664,4608.0,2592.0,0,4608,2592,20595,0,휴애리자연생활공원_069_39295540.jpg,휴애리자연생활공원
665,4608.0,2592.0,0,4608,2592,20595,0,휴애리자연생활공원_117_39295668.jpg,휴애리자연생활공원
666,4608.0,2592.0,0,4608,2592,20595,0,휴애리자연생활공원_142_39295712.jpg,휴애리자연생활공원
667,4608.0,2592.0,0,4608,2592,20595,0,휴애리자연생활공원_159_39295743.jpg,휴애리자연생활공원
668,4608.0,2592.0,0,4608,2592,20595,0,휴애리자연생활공원_178_39295774.jpg,휴애리자연생활공원
669,4608.0,2592.0,0,4608,2592,20595,0,휴애리자연생활공원_186_39295781.jpg,휴애리자연생활공원
670,4608.0,2592.0,0,4608,2592,20595,0,휴애리자연생활공원_207_39295828.jpg,휴애리자연생활공원
671,4608.0,2592.0,0,4608,2592,20595,0,휴애리자연생활공원_209_39295833.jpg,휴애리자연생활공원
672,4608.0,2592.0,0,4608,2592,20595,0,휴애리자연생활공원_226_39295858.jpg,휴애리자연생활공원
673,4608.0,2592.0,0,4608,2592,20595,0,휴애리자연생활공원_228_39295860.jpg,휴애리자연생활공원
674,4608.0,2592.0,0,4608,2592,20595,0,휴애리자연생활공원_253_39295900.jpg,휴애리자연생활공원
675,4608.0,2592.0,0,4608,2592,20595,0,휴애리자연생활공원_285_39295963.jpg,휴애리자연생활공원
676,4608.0,2592.0,0,4608,2592,20595,0,휴애리자연생활공원_304_39295997.jpg,휴애리자연생활공원
677,4608.0,2592.0,0,4608,2592,20595,0,휴애리자연생활공원_308_39296008.jpg,휴애리자연생활공원
678,4608.0,2592.0,0,4608,2592,20595,0,휴애리자연생활공원_317_39296023.jpg,휴애리자연생활공원
